-- phpMyAdmin SQL Dump
-- version 4.8.5
-- https://www.phpmyadmin.net/
--
-- Host: 127.0.0.1
-- Generation Time: Sep 12, 2019 at 09:33 AM
-- Server version: 10.1.38-MariaDB
-- PHP Version: 7.3.3

SET SQL_MODE = "NO_AUTO_VALUE_ON_ZERO";
SET AUTOCOMMIT = 0;
START TRANSACTION;
SET time_zone = "+00:00";


/*!40101 SET @OLD_CHARACTER_SET_CLIENT=@@CHARACTER_SET_CLIENT */;
/*!40101 SET @OLD_CHARACTER_SET_RESULTS=@@CHARACTER_SET_RESULTS */;
/*!40101 SET @OLD_COLLATION_CONNECTION=@@COLLATION_CONNECTION */;
/*!40101 SET NAMES utf8mb4 */;

--
-- Database: `fabrics`
--

-- --------------------------------------------------------

--
-- Table structure for table `ospos_app_config`
--

CREATE TABLE `ospos_app_config` (
  `key` varchar(255) NOT NULL,
  `value` varchar(255) NOT NULL
) ENGINE=InnoDB DEFAULT CHARSET=latin1;

--
-- Dumping data for table `ospos_app_config`
--

INSERT INTO `ospos_app_config` (`key`, `value`) VALUES
('address', ' Uttara, Dhaka-1230'),
('company', 'KNZ Fashion'),
('currency_symbol', ''),
('default_tax_1_name', 'Sales Tax'),
('default_tax_1_rate', '0'),
('default_tax_2_name', 'Sales Tax 2'),
('default_tax_2_rate', '0'),
('default_tax_rate', '8'),
('email', ''),
('fax', ''),
('language', 'english'),
('phone', ''),
('print_after_sale', 'print_after_sale'),
('return_policy', 'Test'),
('timezone', 'Asia/Dhaka'),
('website', 'www.knzfashion.com');

-- --------------------------------------------------------

--
-- Table structure for table `ospos_branch`
--

CREATE TABLE `ospos_branch` (
  `branch_id` int(11) NOT NULL,
  `branch_code` varchar(255) NOT NULL,
  `branch_name` varchar(255) NOT NULL,
  `branch_address` varchar(255) NOT NULL,
  `manager_name` varchar(255) NOT NULL,
  `branch_phone` varchar(30) NOT NULL,
  `created_date` timestamp NOT NULL DEFAULT CURRENT_TIMESTAMP
) ENGINE=InnoDB DEFAULT CHARSET=latin1;

--
-- Dumping data for table `ospos_branch`
--

INSERT INTO `ospos_branch` (`branch_id`, `branch_code`, `branch_name`, `branch_address`, `manager_name`, `branch_phone`, `created_date`) VALUES
(1, 'knz Office', 'knz office', 'office address', 'admin', '01552363816', '2015-01-30 14:06:11'),
(2, 'MASCOT PLAZA', 'MASCOT PLAZA', ' Sector # 07, Uttara Model Town, Dhaka - 1230', 'Milon Hossain', '01831530397', '2015-03-13 13:17:20'),
(3, 'ak plaza', 'A K Plaza', 'House#01, Road#1/B, Sector#09,Uttara Model Town,Dhaka-1230.', 'Sharif', '01552363816', '2015-04-02 11:19:53'),
(4, 'Sreenagar', 'Sreenagar', 'Sreenagar, Munsigang', 'Sharif', '028912832', '2015-04-19 22:38:51'),
(5, 'tangail plaza', 'tangail plaza', 'address', 'manager', '00000', '2015-05-17 08:49:34');

-- --------------------------------------------------------

--
-- Table structure for table `ospos_customers`
--

CREATE TABLE `ospos_customers` (
  `person_id` int(10) NOT NULL,
  `account_number` varchar(80) NOT NULL,
  `taxable` int(1) NOT NULL DEFAULT '1',
  `deleted` int(1) NOT NULL DEFAULT '0',
  `branch_id` int(11) NOT NULL
) ENGINE=InnoDB DEFAULT CHARSET=latin1;

--
-- Dumping data for table `ospos_customers`
--

INSERT INTO `ospos_customers` (`person_id`, `account_number`, `taxable`, `deleted`, `branch_id`) VALUES
(16, '', 1, 0, 1),
(24, '', 1, 0, 1),
(25, '', 1, 0, 4),
(26, '', 1, 0, 4),
(27, '', 1, 0, 4),
(28, '', 1, 0, 4),
(29, '', 1, 0, 4),
(30, '', 1, 0, 4),
(31, '', 1, 0, 4),
(32, '', 1, 0, 4),
(33, '', 1, 0, 1);

-- --------------------------------------------------------

--
-- Table structure for table `ospos_employees`
--

CREATE TABLE `ospos_employees` (
  `username` varchar(255) NOT NULL,
  `password` varchar(255) NOT NULL,
  `person_id` int(10) NOT NULL,
  `deleted` int(1) NOT NULL DEFAULT '0',
  `branch_id` int(11) NOT NULL
) ENGINE=InnoDB DEFAULT CHARSET=latin1;

--
-- Dumping data for table `ospos_employees`
--

INSERT INTO `ospos_employees` (`username`, `password`, `person_id`, `deleted`, `branch_id`) VALUES
('admin', '21232f297a57a5a743894a0e4a801fc3', 14, 0, 0),
('manager1', 'c240642ddef994358c96da82c0361a58', 34, 0, 2),
('sreenagar', 'c9cde3f569d0588b7917b0fd6b8396bb', 22, 0, 4);

-- --------------------------------------------------------

--
-- Table structure for table `ospos_fabrics`
--

CREATE TABLE `ospos_fabrics` (
  `fabrics_id` int(11) NOT NULL,
  `fabrics_model` varchar(20) NOT NULL,
  `name` varchar(30) NOT NULL,
  `qty` float(8,2) NOT NULL,
  `unit` varchar(5) NOT NULL DEFAULT 'yrd',
  `cost_price` float(8,2) NOT NULL,
  `unit_price` float(8,2) NOT NULL,
  `branch_id` int(11) NOT NULL,
  `deleted` tinytext NOT NULL,
  `remainqty` float(8,2) NOT NULL
) ENGINE=InnoDB DEFAULT CHARSET=utf8;

--
-- Dumping data for table `ospos_fabrics`
--

INSERT INTO `ospos_fabrics` (`fabrics_id`, `fabrics_model`, `name`, `qty`, `unit`, `cost_price`, `unit_price`, `branch_id`, `deleted`, `remainqty`) VALUES
(1, '200100186', 'Panting', 0.00, 'yrd', 320.00, 708.00, 1, '0', 0.00),
(2, '200100290', 'Panting', 0.00, 'yrd', 459.00, 828.00, 1, '0', 0.00),
(3, '20010009', 'Panting', 0.00, 'yrd', 550.00, 1196.00, 1, '0', 0.00),
(4, '20010051', 'Panting', 0.00, 'yrd', 350.00, 956.00, 1, '0', 0.00),
(5, '200100277', 'Panting', 0.00, 'yrd', 434.00, 847.69, 1, '0', 0.00),
(6, '200100239', 'Panting', 0.00, 'yrd', 330.00, 924.00, 1, '0', 0.00),
(8, '200100181', 'Panting', 0.00, 'yrd', 320.00, 796.00, 1, '0', 0.00),
(9, '200100109', 'Panting', 0.00, 'yrd', 340.00, 2216.92, 1, '0', 0.00),
(10, '200100169', 'Panting', 0.00, 'yrd', 240.00, 3896.92, 1, '0', 0.00),
(11, '200100238', 'Panting', 0.00, 'yrd', 330.00, 924.00, 1, '0', 0.00),
(14, '200100155', 'Panting', 0.00, 'yrd', 240.00, 173.85, 1, '0', 0.00),
(15, '200100209', 'Panting', 0.00, 'yrd', 475.00, 1438.46, 1, '0', 0.00),
(16, '200100126', 'Panting', 0.00, 'yrd', 550.00, 1792.31, 1, '0', 0.00),
(17, '200100201', 'Panting', 0.00, 'yrd', 355.00, 1373.85, 1, '0', 0.00),
(18, '200100107', 'Panting', 0.00, 'yrd', 340.00, 1340.00, 1, '0', 0.00),
(19, '200100175', 'Panting', 0.00, 'yrd', 200.00, 2552.31, 1, '0', 0.00),
(21, '200100185', 'Panting', 0.00, 'yrd', 320.00, 272.31, 1, '0', 0.00),
(22, '200100297', 'Panting', 0.00, 'yrd', 442.00, 275.38, 1, '0', 0.00),
(23, '20010030', 'Panting', 0.00, 'yrd', 400.00, 1404.00, 1, '0', 0.00),
(24, '200100389', 'Panting', 0.00, 'yrd', 360.00, 995.38, 1, '0', 0.00),
(25, '20010050', 'Panting', 0.00, 'yrd', 330.00, 700.00, 1, '0', 0.00),
(26, '200100154', 'Panting', 0.00, 'yrd', 250.00, 452.00, 1, '0', 0.00),
(27, '200100401', 'Panting', 0.00, 'yrd', 400.00, 1004.00, 1, '0', 0.00),
(28, '200100289', 'Panting', 0.00, 'yrd', 450.00, 780.00, 1, '0', 0.00),
(29, '200100241', 'Panting', 0.00, 'yrd', 330.00, 924.00, 1, '0', 0.00),
(31, '200100237', 'Panting', 0.00, 'yrd', 330.00, 924.00, 1, '0', 0.00),
(32, '200100180', 'Panting', 0.00, 'yrd', 320.00, 796.00, 1, '0', 0.00),
(33, '20010036', 'Panting', 0.00, 'yrd', 300.00, 508.00, 1, '0', 0.00),
(34, '200100118', 'Panting', 0.00, 'yrd', 550.00, 1196.00, 1, '0', 0.00),
(35, '200100194', 'Panting', 0.00, 'yrd', 285.00, 596.00, 1, '0', 0.00),
(36, '200100196', 'Panting', 0.00, 'yrd', 285.00, 596.00, 1, '0', 0.00),
(37, '200100317', 'Panting', 0.00, 'yrd', 180.00, 628.00, 1, '0', 0.00),
(38, '200100319', 'Panting', 0.00, 'yrd', 180.00, 676.00, 1, '0', 0.00),
(39, '200100320', 'Panting', 0.00, 'yrd', 180.00, 676.00, 1, '0', 0.00),
(40, '200100313', 'Panting', 0.00, 'yrd', 180.00, 756.00, 1, '0', 0.00),
(41, '200100311', 'Panting', 0.00, 'yrd', 180.00, 756.00, 1, '0', 0.00),
(42, '200100323', 'Panting', 0.00, 'yrd', 180.00, 756.00, 1, '0', 0.00),
(43, '200100137', 'Panting', 0.00, 'yrd', 550.00, 1196.00, 1, '0', 0.00),
(44, '200100316', 'Panting', 0.00, 'yrd', 180.00, 628.00, 1, '0', 0.00),
(45, '200100322', 'Panting', 0.00, 'yrd', 180.00, 580.00, 1, '0', 0.00),
(46, '100100852', 'Shirting', 0.00, 'yrd', 470.00, 1100.00, 1, '0', 0.00),
(47, '100100850', 'Shirting', 0.00, 'yrd', 470.00, 780.00, 1, '0', 0.00),
(48, '100100849', 'Shirting', 0.00, 'yrd', 470.00, 945.71, 1, '0', 0.00),
(49, '100100800', 'Shirting', 0.00, 'yrd', 350.00, 608.57, 1, '0', 0.00),
(50, '100100698', 'Shirting', 0.00, 'yrd', 200.00, 277.14, 1, '0', 0.00),
(51, '100100697', 'Shirting', 0.00, 'yrd', 200.00, 277.14, 1, '0', 0.00),
(52, '100100694', 'Shirting', 0.00, 'yrd', 200.00, 277.14, 1, '0', 0.00),
(53, '100100429', 'Shirting', 0.00, 'yrd', 390.00, 791.43, 1, '0', 0.00),
(54, '100100801', 'Shirting', 0.00, 'yrd', 350.00, 608.57, 1, '0', 0.00),
(55, '100100738', 'Shirting', 0.00, 'yrd', 370.00, 814.28, 1, '0', 0.00),
(56, '100100692', 'Shirting', 0.00, 'yrd', 200.00, 277.14, 1, '0', 0.00),
(57, '100100883', 'Shirting', 0.00, 'yrd', 130.00, 300.00, 1, '0', 0.00),
(58, '100100872', 'Shirting', 0.00, 'yrd', 280.00, 562.86, 1, '0', 0.00),
(59, '100100874', 'Shirting', 0.00, 'yrd', 280.00, 562.86, 1, '0', 0.00),
(60, '100100876', 'Shirting', 0.00, 'yrd', 470.00, 757.14, 1, '0', 0.00),
(61, '100100837', 'Shirting', 0.00, 'yrd', 470.00, 1517.14, 1, '0', 0.00),
(62, '100100827', 'Shirting', 0.00, 'yrd', 470.00, 1042.86, 1, '0', 0.00),
(63, '100100875', 'Shirting', 0.00, 'yrd', 280.00, 437.14, 1, '0', 0.00),
(64, '100100845', 'Shirting', 0.00, 'yrd', 280.00, 545.71, 1, '0', 0.00),
(65, '10010022', 'Shirting', 0.00, 'yrd', 390.00, 511.43, 1, '0', 0.00),
(66, '100100773', 'Shirting', 0.00, 'yrd', 390.00, 682.86, 1, '0', 0.00),
(67, '100100851', 'Shirting', 0.00, 'yrd', 470.00, 780.00, 1, '0', 0.00),
(68, '100100285', 'Shirting', 0.00, 'yrd', 390.00, 642.86, 1, '0', 0.00),
(69, '100100182', 'Shirting', 0.00, 'yrd', 280.00, 442.86, 1, '0', 0.00),
(70, '100100844', 'Shirting', 0.00, 'yrd', 300.00, 562.86, 1, '0', 0.00),
(71, '100100219', 'Shirting', 0.00, 'yrd', 350.00, 717.14, 1, '0', 0.00),
(72, '10010065', 'Shirting', 0.00, 'yrd', 320.00, 528.57, 1, '0', 0.00),
(73, '10010069', 'Shirting', 0.00, 'yrd', 350.00, 671.43, 1, '0', 0.00),
(74, '100100747', 'Shirting', 0.00, 'yrd', 370.00, 585.71, 1, '0', 0.00),
(75, '100100271', 'Shirting', 0.00, 'yrd', 390.00, 562.86, 1, '0', 0.00),
(76, '100100277', 'Shirting', 0.00, 'yrd', 390.00, 562.86, 1, '0', 0.00),
(77, '100100870', 'Shirting', 0.00, 'yrd', 280.00, 562.86, 1, '0', 0.00),
(78, '100100868', 'Shirting', 0.00, 'yrd', 280.00, 562.86, 1, '0', 0.00),
(79, '100100873', 'Shirting', 0.00, 'yrd', 280.00, 562.86, 1, '0', 0.00),
(80, '100100873', 'Shirting', 0.00, 'yrd', 280.00, 562.86, 1, '0', 0.00),
(81, '100100197', 'Shirting', 0.00, 'yrd', 200.00, 511.43, 1, '0', 0.00),
(82, '100100482', 'Shirting', 0.00, 'yrd', 270.00, 425.71, 1, '0', 0.00),
(83, '100100305', 'Shirting', 0.00, 'yrd', 390.00, 505.71, 1, '0', 0.00),
(84, '100100349', 'Shirting', 0.00, 'yrd', 200.00, 471.43, 1, '0', 0.00),
(85, '100100891', 'Shirting', 0.00, 'yrd', 130.00, 362.86, 1, '0', 0.00),
(86, '100100890', 'Shirting', 0.00, 'yrd', 130.00, 357.14, 1, '0', 0.00),
(87, '100100174', 'Shirting', 0.00, 'yrd', 200.00, 328.57, 1, '0', 0.00),
(88, '100100142', 'Shirting', 0.00, 'yrd', 200.00, 305.71, 1, '0', 0.00),
(89, '100100357', 'Shirting', 0.00, 'yrd', 200.00, 477.14, 1, '0', 0.00),
(90, '100100327', 'Shirting', 0.00, 'yrd', 200.00, 471.43, 1, '0', 0.00),
(91, '100100325', 'Shirting', 0.00, 'yrd', 200.00, 471.43, 1, '0', 0.00),
(92, '100100148', 'Shirting', 0.00, 'yrd', 200.00, 368.57, 1, '0', 0.00),
(93, '100100149', 'Shirting', 0.00, 'yrd', 200.00, 385.71, 1, '0', 0.00),
(94, '100100175', 'Shirting', 0.00, 'yrd', 200.00, 465.71, 1, '0', 0.00),
(95, '100100260', 'Shirting', 0.00, 'yrd', 200.00, 397.14, 1, '0', 0.00),
(96, '100100359', 'Shirting', 0.00, 'yrd', 200.00, 357.14, 1, '0', 0.00),
(97, '100100339', 'Shirting', 0.00, 'yrd', 200.00, 448.57, 1, '0', 0.00),
(98, '100100522', 'Shirting', 0.00, 'yrd', 220.00, 162.86, 1, '0', 0.00),
(99, '100100519', 'Shirting', 0.00, 'yrd', 220.00, 271.43, 1, '0', 0.00),
(100, '100100508', 'Shirting', 0.00, 'yrd', 250.00, 162.86, 1, '0', 0.00),
(101, '100100439', 'Shirting', 0.00, 'yrd', 350.00, 185.71, 1, '0', 0.00),
(102, '100100732', 'Shirting', 0.00, 'yrd', 135.00, 117.78, 1, '0', 0.00),
(103, '100100731', 'Shirting', 0.00, 'yrd', 135.00, 117.78, 1, '0', 0.00),
(104, '100100725', 'Shirting', 0.00, 'yrd', 135.00, 117.78, 1, '0', 0.00),
(105, '100100723', 'Shirting', 0.00, 'yrd', 135.00, 117.78, 1, '0', 0.00),
(106, '100100726', 'Shirting', 0.00, 'yrd', 135.00, 117.78, 1, '0', 0.00),
(107, '100100729', 'Shirting', 0.00, 'yrd', 135.00, 117.78, 1, '0', 0.00),
(108, '100100249', 'Shirting', 0.00, 'yrd', 140.00, 153.33, 1, '0', 0.00),
(109, '100100248', 'Shirting', 0.00, 'yrd', 140.00, 153.33, 1, '0', 0.00),
(110, '100100235', 'Shirting', 0.00, 'yrd', 140.00, 153.33, 1, '0', 0.00),
(111, '100100245', 'Shirting', 0.00, 'yrd', 140.00, 153.33, 1, '0', 0.00),
(112, '100100250', 'Shirting', 0.00, 'yrd', 140.00, 153.33, 1, '0', 0.00),
(113, '100100239', 'Shirting', 0.00, 'yrd', 140.00, 153.33, 1, '0', 0.00),
(114, '100100252', 'Shirting', 0.00, 'yrd', 140.00, 153.33, 1, '0', 0.00),
(115, '100100240', 'Shirting', 0.00, 'yrd', 140.00, 153.33, 1, '0', 0.00),
(116, '100100242', 'Shirting', 0.00, 'yrd', 140.00, 153.33, 1, '0', 0.00),
(117, '100100256', 'Shirting', 0.00, 'yrd', 140.00, 153.33, 1, '0', 0.00),
(118, '100100246', 'Shirting', 0.00, 'yrd', 140.00, 153.33, 1, '0', 0.00),
(119, '100100253', 'Shirting', 0.00, 'yrd', 140.00, 153.33, 1, '0', 0.00),
(120, '100100254', 'Shirting', 0.00, 'yrd', 140.00, 153.33, 1, '0', 0.00),
(121, '100100243', 'Shirting', 0.00, 'yrd', 140.00, 153.33, 1, '0', 0.00),
(122, '100100234', 'Shirting', 0.00, 'yrd', 140.00, 153.33, 1, '0', 0.00),
(123, '100100236', 'Shirting', 0.00, 'yrd', 140.00, 153.33, 1, '0', 0.00),
(124, '100100780', 'Shirting', 0.00, 'yrd', 390.00, 831.43, 1, '0', 0.00),
(125, '100100748', 'Shirting', 0.00, 'yrd', 370.00, 911.43, 1, '0', 0.00),
(126, '10010077', 'Shirting', 0.00, 'yrd', 350.00, 877.14, 1, '0', 0.00),
(127, '10010045', 'Shirting', 0.00, 'yrd', 390.00, 642.86, 1, '0', 0.00),
(128, '100100582', 'Shirting', 0.00, 'yrd', 290.00, 477.14, 1, '0', 0.00),
(129, '10010004', 'Shirting', 0.00, 'yrd', 390.00, 551.43, 1, '0', 0.00),
(130, '100100597', 'Shirting', 0.00, 'yrd', 290.00, 654.28, 1, '0', 0.00),
(132, '100100676', 'Shirting', 0.00, 'yrd', 390.00, 711.43, 1, '0', 0.00),
(133, '100100105', 'Shirting', 0.00, 'yrd', 390.00, 677.14, 1, '0', 0.00),
(134, '20010098', 'Panting', 0.00, 'yrd', 345.00, 796.00, 1, '0', 0.00),
(135, '200100236', 'Panting', 0.00, 'yrd', 330.00, 924.00, 1, '0', 0.00),
(137, '200100188', 'Panting', 0.00, 'yrd', 320.00, 708.00, 1, '0', 0.00),
(138, '100100863', 'Shirting', 0.00, 'yrd', 470.00, 814.28, 1, '0', 0.00),
(139, '100100847', 'Shirting', 0.00, 'yrd', 470.00, 905.71, 1, '0', 0.00),
(140, '100100818', 'Shirting', 0.00, 'yrd', 470.00, 1054.29, 1, '0', 0.00),
(141, '100100711', 'Shirting', 0.00, 'yrd', 145.00, 282.86, 1, '0', 0.00),
(142, '100100807', 'Shirting', 0.00, 'yrd', 320.00, 471.43, 1, '0', 0.00),
(143, '100100740', 'Shirting', 0.00, 'yrd', 370.00, 585.71, 1, '0', 0.00),
(144, '100100854', 'Shirting', 0.00, 'yrd', 380.00, 854.28, 1, '0', 0.00),
(145, '10010012', 'Shirting', 0.00, 'yrd', 390.00, 540.00, 1, '0', 0.00),
(146, '100100823', 'Shirting', 0.00, 'yrd', 470.00, 962.86, 1, '0', 0.00),
(147, '100100804', 'Shirting', 0.00, 'yrd', 320.00, 471.43, 1, '0', 0.00),
(148, '100100821', 'Shirting', 0.00, 'yrd', 470.00, 734.28, 1, '0', 0.00),
(149, '100100829', 'Shirting', 0.00, 'yrd', 470.00, 1042.86, 1, '0', 0.00),
(150, '100100545', 'Shirting', 0.00, 'yrd', 430.00, 585.71, 1, '0', 0.00),
(151, '100100788', 'Shirting', 0.00, 'yrd', 350.00, 682.86, 1, '0', 0.00),
(152, '100100789', 'Shirting', 0.00, 'yrd', 350.00, 682.86, 1, '0', 0.00),
(153, '10010076', 'Shirting', 0.00, 'yrd', 350.00, 877.14, 1, '0', 0.00),
(154, '100100443', 'Shirting', 0.00, 'yrd', 375.00, 700.00, 1, '0', 0.00),
(155, '100100635', 'Shirting', 0.00, 'yrd', 390.00, 682.86, 1, '0', 0.00),
(156, '100100338', 'Shirting', 0.00, 'yrd', 200.00, 780.00, 1, '0', 0.00),
(157, '100100168', 'Shirting', 0.00, 'yrd', 200.00, 705.71, 1, '0', 0.00),
(158, '100100364', 'Shirting', 0.00, 'yrd', 200.00, 660.00, 1, '0', 0.00),
(159, '100100314', 'Shirting', 0.00, 'yrd', 200.00, 511.43, 1, '0', 0.00),
(160, '200100142', 'Panting', 0.00, 'yrd', 550.00, 980.00, 1, '0', 0.00),
(161, '200100476', 'Panting', 0.00, 'yrd', 400.00, 1036.00, 1, '0', 0.00),
(162, '200100484', 'Panting', 0.00, 'yrd', 200.00, 500.00, 1, '0', 0.00),
(163, '20010055', 'Panting', 0.00, 'yrd', 300.00, 876.00, 1, '0', 0.00),
(164, '200100326', 'Panting', 0.00, 'yrd', 500.00, 844.00, 1, '0', 0.00),
(165, '200100263', 'Panting', 0.00, 'yrd', 320.00, 1028.00, 1, '0', 0.00),
(166, '200100397', 'Panting', 0.00, 'yrd', 260.00, 580.00, 1, '0', 0.00),
(168, '200100288', 'Panting', 0.00, 'yrd', 434.00, 988.00, 1, '0', 0.00),
(169, '200100148', 'Panting', 0.00, 'yrd', 250.00, 740.00, 1, '0', 0.00),
(170, '200100151', 'Panting', 0.00, 'yrd', 250.00, 740.00, 1, '0', 0.00),
(171, '200100229', 'Panting', 0.00, 'yrd', 355.00, 1196.00, 1, '0', 0.00),
(172, '200100121', 'Panting', 0.00, 'yrd', 550.00, 1188.00, 1, '0', 0.00),
(173, '200100145', 'Panting', 0.00, 'yrd', 400.00, 1596.00, 1, '0', 0.00),
(174, '200100147', 'Panting', 0.00, 'yrd', 400.00, 1596.00, 1, '0', 0.00),
(175, '200100278', 'Panting', 0.00, 'yrd', 434.00, 956.00, 1, '0', 0.00),
(176, '200100129', 'Panting', 0.00, 'yrd', 550.00, 1188.00, 1, '0', 0.00),
(177, '200100442', 'Panting', 0.00, 'yrd', 352.00, 844.00, 1, '0', 0.00),
(178, '200100220', 'Panting', 0.00, 'yrd', 370.00, 972.00, 1, '0', 0.00),
(179, '20010062', 'Panting', 0.00, 'yrd', 335.00, 788.00, 1, '0', 0.00),
(180, '20010059', 'Panting', 0.00, 'yrd', 335.00, 788.00, 1, '0', 0.00),
(181, '20010024', 'Panting', 0.00, 'yrd', 365.00, 796.00, 1, '0', 0.00),
(182, '200100433', 'Panting', 0.00, 'yrd', 320.00, 940.00, 1, '0', 0.00),
(183, '200100242', 'Panting', 0.00, 'yrd', 340.00, 1188.00, 1, '0', 0.00),
(184, '200100706', 'Panting', 0.00, 'yrd', 300.00, 796.00, 1, '0', 0.00),
(185, '200100435', 'Panting', 0.00, 'yrd', 352.00, 420.00, 1, '0', 0.00),
(186, '200100132', 'Panting', 0.00, 'yrd', 550.00, 708.00, 1, '0', 0.00),
(187, '200100299', 'Panting', 0.00, 'yrd', 450.00, 900.00, 1, '0', 0.00),
(188, '200100100', 'Panting', 0.00, 'yrd', 345.00, 532.00, 1, '0', 0.00),
(189, '200100217', 'Panting', 0.00, 'yrd', 370.00, 780.00, 1, '0', 0.00),
(190, '200100218', 'Panting', 0.00, 'yrd', 370.00, 780.00, 1, '0', 0.00),
(192, '20010018', 'Panting', 0.00, 'yrd', 355.00, 1036.00, 1, '0', 0.00),
(193, '200100200', 'Panting', 0.00, 'yrd', 355.00, 1116.00, 1, '0', 0.00),
(194, '200100207', 'Panting', 0.00, 'yrd', 355.00, 1116.00, 1, '0', 0.00),
(195, '200100206', 'Panting', 0.00, 'yrd', 355.00, 1116.00, 1, '0', 0.00),
(196, '200100219', 'Panting', 0.00, 'yrd', 370.00, 780.00, 1, '0', 0.00),
(197, '200100150', 'Panting', 0.00, 'yrd', 250.00, 740.00, 1, '0', 0.00),
(198, '200100481', 'Panting', 0.00, 'yrd', 432.00, 956.00, 1, '0', 0.00),
(199, '200100253', 'Panting', 0.00, 'yrd', 335.00, 716.00, 1, '0', 0.00),
(200, '200100254', 'Panting', 0.00, 'yrd', 335.00, 716.00, 1, '0', 0.00),
(201, '200100259', 'Panting', 0.00, 'yrd', 320.00, 988.00, 1, '0', 0.00),
(202, '10010082', 'Shirting', 0.00, 'yrd', 390.00, 528.57, 1, '0', 0.00),
(203, '100100791', 'Shirting', 0.00, 'yrd', 350.00, 317.14, 1, '0', 0.00),
(204, '100100574', 'Shirting', 0.00, 'yrd', 320.00, 311.43, 1, '0', 0.00),
(205, '100100733', 'Shirting', 0.00, 'yrd', 370.00, 408.57, 1, '0', 0.00),
(206, '10010045', 'Shirting', 0.00, 'yrd', 390.00, 282.86, 1, '0', 0.00),
(207, '100100233', 'Shirting', 0.00, 'yrd', 350.00, 328.57, 1, '0', 0.00),
(208, '100100420', 'Shirting', 0.00, 'yrd', 390.00, 311.43, 1, '0', 0.00),
(209, '10010016', 'Shirting', 0.00, 'yrd', 390.00, 340.00, 1, '0', 0.00),
(210, '100100623', 'Shirting', 0.00, 'yrd', 390.00, 397.14, 1, '0', 0.00),
(211, '100100282', 'Shirting', 0.00, 'yrd', 390.00, 448.57, 1, '0', 0.00),
(212, '100100215', 'Shirting', 0.00, 'yrd', 350.00, 282.86, 1, '0', 0.00),
(213, '100100265', 'Shirting', 0.00, 'yrd', 390.00, 454.29, 1, '0', 0.00),
(214, '100100392', 'Shirting', 0.00, 'yrd', 390.00, 505.71, 1, '0', 0.00),
(215, '100100432', 'Shirting', 0.00, 'yrd', 390.00, 357.14, 1, '0', 0.00),
(216, '10010084', 'Shirting', 0.00, 'yrd', 390.00, 528.57, 1, '0', 0.00),
(217, '100100278', 'Shirting', 0.00, 'yrd', 390.00, 357.14, 1, '0', 0.00),
(218, '10010025', 'Shirting', 0.00, 'yrd', 390.00, 357.14, 1, '0', 0.00),
(219, '100100756', 'Shirting', 0.00, 'yrd', 390.00, 397.14, 1, '0', 0.00),
(220, '100100755', 'Shirting', 0.00, 'yrd', 390.00, 397.14, 1, '0', 0.00),
(221, '100100535', 'Shirting', 0.00, 'yrd', 430.00, 385.71, 1, '0', 0.00),
(222, '100100904', 'Shirting', 0.00, 'yrd', 80.00, 391.43, 1, '0', 0.00),
(223, '100100905', 'Shirting', 0.00, 'yrd', 80.00, 511.43, 1, '0', 0.00),
(224, '10010083', 'Shirting', 0.00, 'yrd', 390.00, 528.57, 1, '0', 0.00),
(225, '10010046', 'Shirting', 0.00, 'yrd', 390.00, 511.43, 1, '0', 0.00),
(226, '10010041', 'Shirting', 0.00, 'yrd', 390.00, 305.71, 1, '0', 0.00),
(227, '100100385', 'Shirting', 0.00, 'yrd', 390.00, 362.86, 1, '0', 0.00),
(228, '100100466', 'Shirting', 0.00, 'yrd', 240.00, 682.86, 1, '0', 0.00),
(229, '100100467', 'Shirting', 0.00, 'yrd', 220.00, 682.86, 1, '0', 0.00),
(230, '100100380', 'Shirting', 0.00, 'yrd', 390.00, 511.43, 1, '0', 0.00),
(231, '100100803', 'Shirting', 0.00, 'yrd', 320.00, 265.71, 1, '0', 0.00),
(232, '100100857', 'Shirting', 0.00, 'yrd', 380.00, 266.29, 1, '0', 0.00),
(233, '10010047', 'Shirting', 0.00, 'yrd', 390.00, 385.71, 1, '0', 0.00),
(234, '100100903', 'Shirting', 0.00, 'yrd', 80.00, 454.29, 1, '0', 0.00),
(236, '100100745', 'Shirting', 0.00, 'yrd', 370.00, 625.71, 1, '0', 0.00),
(237, '200100152', 'Panting ', 0.00, 'yrd', 250.00, 548.00, 1, '0', 0.00),
(238, '200100177', 'Shirting', 0.00, 'yrd', 240.00, 1996.00, 1, '0', 0.00),
(239, '200100176', 'Panting', 0.00, 'yrd', 240.00, 1516.00, 1, '0', 0.00),
(240, '200100485', 'Panting', 0.00, 'yrd', 300.00, 1436.00, 1, '0', 0.00),
(241, '200100165', 'Panting', 0.00, 'yrd', 250.00, 1108.00, 1, '0', 0.00),
(242, '200100168', 'Panting', 0.00, 'yrd', 240.00, 3988.00, 1, '0', 0.00),
(243, '200100170', 'Panting', 0.00, 'yrd', 240.00, 3596.00, 1, '0', 0.00),
(244, '200100140', 'Panting', 0.00, 'yrd', 550.00, 796.00, 1, '0', 0.00),
(245, '200100141', 'Panting', 0.00, 'yrd', 550.00, 1332.00, 1, '0', 0.00),
(246, '200100164', 'Panting', 0.00, 'yrd', 250.00, 2196.00, 1, '0', 0.00),
(247, '20010015', 'Panting', 0.00, 'yrd', 355.00, 675.38, 1, '0', 0.00),
(248, '20010001', 'Panting', 0.00, 'yrd', 345.00, 1001.54, 1, '0', 0.00),
(249, '200100293', 'Panting', 0.00, 'yrd', 434.00, 887.69, 1, '0', 0.00),
(250, '200100167', 'Panting', 0.00, 'yrd', 250.00, 1915.38, 1, '0', 0.00),
(251, '200100202', 'Panting', 0.00, 'yrd', 355.00, 1373.85, 1, '0', 0.00),
(252, '200100105', 'Panting', 0.00, 'yrd', 340.00, 1340.00, 1, '0', 0.00),
(253, '200100279', 'Panting', 0.00, 'yrd', 434.00, 976.92, 1, '0', 0.00),
(254, '200100294', 'Panting', 0.00, 'yrd', 434.00, 887.69, 1, '0', 0.00),
(255, '200100117', 'Panting', 0.00, 'yrd', 550.00, 1084.62, 1, '0', 0.00),
(257, '200100162', 'Panting', 0.00, 'yrd', 250.00, 887.69, 1, '0', 0.00),
(258, '200100112', 'Panting', 0.00, 'yrd', 340.00, 1998.46, 1, '0', 0.00),
(259, '20010006', 'Panting', 0.00, 'yrd', 385.00, 826.15, 1, '0', 0.00),
(261, '200100280', 'Panting', 0.00, 'yrd', 442.00, 764.62, 1, '0', 0.00),
(262, '200100247', 'Panting', 0.00, 'yrd', 335.00, 998.46, 1, '0', 0.00),
(263, '200100287', 'Panting', 0.00, 'yrd', 480.00, 973.85, 1, '0', 0.00),
(264, '200100139', 'Panting', 0.00, 'yrd', 550.00, 675.38, 1, '0', 0.00),
(265, '20010049', 'Panting', 0.00, 'yrd', 320.00, 844.00, 1, '0', 0.00),
(266, '200100127', 'Panting', 0.00, 'yrd', 550.00, 1792.31, 1, '0', 0.00),
(267, '200100149', 'Panting', 0.00, 'yrd', 250.00, 1660.00, 1, '0', 0.00),
(268, '200100274', 'Panting', 0.00, 'yrd', 340.00, 887.69, 1, '0', 0.00),
(269, '200100232', 'Panting', 0.00, 'yrd', 355.00, 1490.77, 1, '0', 0.00),
(270, '200100116', 'Panting', 0.00, 'yrd', 550.00, 1084.62, 1, '0', 0.00),
(271, '20010001', 'Panting', 0.00, 'yrd', 345.00, 1001.54, 1, '0', 0.00),
(273, '20010002', 'Panting', 0.00, 'yrd', 345.00, 1001.54, 1, '0', 0.00),
(274, '200100258', 'Panting', 0.00, 'yrd', 335.00, 1180.00, 1, '0', 0.00),
(275, '200100402', 'Panting', 0.00, 'yrd', 400.00, 1884.62, 1, '0', 0.00),
(276, '200100403', 'Panting', 0.00, 'yrd', 400.00, 660.00, 1, '0', 0.00),
(277, '200100157', 'Panting', 0.00, 'yrd', 250.00, 1001.54, 1, '0', 0.00),
(278, '200100163', 'Panting', 0.00, 'yrd', 250.00, 1801.54, 1, '0', 0.00),
(279, '200100166', 'Panting', 0.00, 'yrd', 250.00, 1075.38, 1, '0', 0.00),
(280, '200100171', 'Panting', 0.00, 'yrd', 240.00, 1669.23, 1, '0', 0.00),
(281, '10010081', 'Shirting', 0.00, 'yrd', 390.00, 928.57, 1, '0', 0.00),
(282, '100100840', 'Shirting', 0.00, 'yrd', 300.00, 814.28, 1, '0', 0.00),
(283, '100100853', 'Shirting', 0.00, 'yrd', 470.00, 1048.57, 1, '0', 0.00),
(284, '100100839', 'Shirting', 0.00, 'yrd', 300.00, 1042.86, 1, '0', 0.00),
(285, '100100810', 'Shirting', 0.00, 'yrd', 320.00, 500.00, 1, '0', 0.00),
(286, '10010021', 'Shirting', 0.00, 'yrd', 320.00, 494.29, 1, '0', 0.00),
(287, '100100202', 'Shirting', 0.00, 'yrd', 140.00, 328.57, 1, '0', 0.00),
(288, '100100812', 'Shirting', 0.00, 'yrd', 320.00, 500.00, 1, '0', 0.00),
(289, '100100720', 'Shirting', 0.00, 'yrd', 220.00, 511.43, 1, '0', 0.00),
(290, '100100695', 'Shirting', 0.00, 'yrd', 200.00, 277.14, 1, '0', 0.00),
(291, '100100411', 'Shirting', 0.00, 'yrd', 390.00, 602.86, 1, '0', 0.00),
(292, '100100700', 'Shirting', 0.00, 'yrd', 200.00, 277.14, 1, '0', 0.00),
(293, '100100699', 'Shirting', 0.00, 'yrd', 200.00, 277.14, 1, '0', 0.00),
(294, '100100691', 'Shirting', 0.00, 'yrd', 200.00, 277.14, 1, '0', 0.00),
(295, '100100894', 'Shirting', 0.00, 'yrd', 130.00, 151.43, 1, '0', 0.00),
(296, '100100896', 'Shirting', 0.00, 'yrd', 130.00, 162.86, 1, '0', 0.00),
(297, '100100893', 'Shirting', 0.00, 'yrd', 130.00, 151.43, 1, '0', 0.00),
(298, '100100895', 'Shirting', 0.00, 'yrd', 130.00, 151.43, 1, '0', 0.00),
(299, '100100751', 'Shirting', 0.00, 'yrd', 390.00, 757.14, 1, '0', 0.00),
(300, '10010071', 'Shirting', 0.00, 'yrd', 350.00, 671.43, 1, '0', 0.00),
(301, '100100225', 'Shirting', 0.00, 'yrd', 350.00, 568.57, 1, '0', 0.00),
(302, '100100226', 'Shirting', 0.00, 'yrd', 350.00, 682.86, 1, '0', 0.00),
(303, '100100220', 'Shirting', 0.00, 'yrd', 350.00, 660.00, 1, '0', 0.00),
(304, '10010058', 'Shirting', 0.00, 'yrd', 390.00, 528.57, 1, '0', 0.00),
(305, '100100808', 'Shirting', 0.00, 'yrd', 320.00, 374.29, 1, '0', 0.00),
(306, '100100165', 'Shirting', 0.00, 'yrd', 200.00, 448.57, 1, '0', 0.00),
(307, '100100331', 'Shirting', 0.00, 'yrd', 200.00, 442.86, 1, '0', 0.00),
(308, '100100334', 'Shirting', 0.00, 'yrd', 200.00, 465.71, 1, '0', 0.00),
(309, '100100131', 'Shirting', 0.00, 'yrd', 200.00, 340.00, 1, '0', 0.00),
(310, '100100369', 'Shirting', 0.00, 'yrd', 200.00, 357.14, 1, '0', 0.00),
(311, '100100152', 'Shirting', 0.00, 'yrd', 200.00, 471.43, 1, '0', 0.00),
(312, '100100892', 'Shirting', 0.00, 'yrd', 450.00, 700.00, 1, '0', 0.00),
(313, '100100333', 'Shirting', 0.00, 'yrd', 200.00, 414.29, 1, '0', 0.00),
(314, '100100341', 'Shirting', 0.00, 'yrd', 200.00, 471.43, 1, '0', 0.00),
(315, '100100343', 'Shirting', 0.00, 'yrd', 200.00, 500.00, 1, '0', 0.00),
(316, '100100878', 'Shirting', 0.00, 'yrd', 130.00, 300.00, 1, '0', 0.00),
(317, '100100871', 'Shirting', 0.00, 'yrd', 280.00, 848.57, 1, '0', 0.00),
(318, '100100879', 'Shirting', 0.00, 'yrd', 130.00, 300.00, 1, '0', 0.00),
(319, '100100881', 'Shirting', 0.00, 'yrd', 130.00, 300.00, 1, '0', 0.00),
(320, '100100877', 'Shirting', 0.00, 'yrd', 130.00, 6.75, 1, '0', 0.00),
(321, '100100882', 'Shirting', 0.00, 'yrd', 130.00, 300.00, 1, '0', 0.00),
(322, '100100880', 'Shirting', 0.00, 'yrd', 130.00, 300.00, 1, '0', 0.00),
(325, '100100169', 'Shirting', 0.00, 'yrd', 200.00, 334.29, 1, '0', 0.00),
(327, '100100328', 'Shirting', 0.00, 'yrd', 200.00, 294.29, 1, '0', 0.00),
(329, '100100438', 'Shirting', 0.00, 'yrd', 350.00, 185.71, 1, '0', 0.00),
(330, '100100505', 'Shirting', 0.00, 'yrd', 220.00, 151.43, 1, '0', 0.00),
(331, '100100888', 'Shirting', 0.00, 'yrd', 130.00, 157.14, 1, '0', 0.00),
(332, '100100884', 'Shirting', 0.00, 'yrd', 130.00, 134.28, 1, '0', 0.00),
(333, '100100887', 'Shirting', 0.00, 'yrd', 130.00, 151.43, 1, '0', 0.00),
(334, '100100885', 'Shirting', 0.00, 'yrd', 130.00, 134.28, 1, '0', 0.00),
(335, '100100886', 'Shirting', 0.00, 'yrd', 130.00, 145.71, 1, '0', 0.00),
(336, '100100502', 'Shirting', 0.00, 'yrd', 220.00, 162.86, 1, '0', 0.00),
(337, '100100527', 'Shirting', 0.00, 'yrd', 220.00, 220.00, 1, '0', 0.00),
(338, '100100506', 'Shirting', 0.00, 'yrd', 250.00, 197.14, 1, '0', 0.00),
(339, '100100500', 'Shirting', 0.00, 'yrd', 200.00, 375.00, 1, '0', 0.00),
(340, '100100509', 'Shirting', 0.00, 'yrd', 220.00, 140.00, 1, '0', 0.00),
(341, '100100501', 'Shirting', 0.00, 'yrd', 220.00, 140.00, 1, '0', 0.00),
(342, '100100510', 'Shirting', 0.00, 'yrd', 220.00, 140.00, 1, '0', 0.00),
(343, '100100504', 'Shirting', 0.00, 'yrd', 220.00, 140.00, 1, '0', 0.00),
(344, '100100244', 'Shirting', 0.00, 'yrd', 140.00, 197.14, 1, '0', 0.00),
(345, '100100257', 'Shirting', 0.00, 'yrd', 140.00, 197.14, 1, '0', 0.00),
(346, '100100722', 'Shirting', 0.00, 'yrd', 135.00, 151.43, 1, '0', 0.00),
(347, '100100727', 'Shirting', 0.00, 'yrd', 135.00, 151.43, 1, '0', 0.00),
(348, '100100730', 'Shirting', 0.00, 'yrd', 135.00, 151.43, 1, '0', 0.00),
(349, '100100724', 'Shirting', 0.00, 'yrd', 135.00, 151.43, 1, '0', 0.00),
(350, '100100728', 'Shirting', 0.00, 'yrd', 135.00, 151.43, 1, '0', 0.00),
(351, '100100237', 'Shirting', 0.00, 'yrd', 140.00, 153.33, 1, '0', 0.00),
(352, '100100255', 'Shirting', 0.00, 'yrd', 140.00, 153.33, 1, '0', 0.00),
(353, '100100663', 'Shirting', 0.00, 'yrd', 390.00, 757.14, 1, '0', 0.00),
(354, '10010068', 'Shirting', 0.00, 'yrd', 350.00, 842.86, 1, '0', 0.00),
(355, '100100746', 'Shirting', 0.00, 'yrd', 370.00, 900.00, 1, '0', 0.00),
(356, '100100644', 'Shirting', 0.00, 'yrd', 390.00, 814.28, 1, '0', 0.00),
(357, '10010053', 'Shirting', 0.00, 'yrd', 390.00, 1082.86, 1, '0', 0.00),
(358, '100100232', 'Shirting', 0.00, 'yrd', 350.00, 580.00, 1, '0', 0.00),
(359, '100100775', 'Shirting', 0.00, 'yrd', 390.00, 757.14, 1, '0', 0.00),
(360, '100100588', 'Shirting', 0.00, 'yrd', 290.00, 494.29, 1, '0', 0.00),
(361, '100100436', '10010082', 0.00, 'yrd', 350.00, 705.71, 1, '0', 0.00),
(362, '100100864', '10010082', 0.00, 'yrd', 470.00, 928.57, 1, '0', 0.00),
(363, '100100558', '10010082', 0.00, 'yrd', 410.00, 1574.29, 1, '0', 0.00),
(364, '100100473', '10010082', 0.00, 'yrd', 250.00, 945.71, 1, '0', 0.00),
(365, '100100767', 'Shirting', 0.00, 'yrd', 390.00, 814.28, 1, '0', 0.00),
(366, '100100786', 'Shirting', 0.00, 'yrd', 350.00, 677.14, 1, '0', 0.00),
(367, '100100529', 'Shirting', 0.00, 'yrd', 430.00, 762.86, 1, '0', 0.00),
(368, '100100555', 'Shirting', 0.00, 'yrd', 430.00, 717.14, 1, '0', 0.00),
(369, '100100123', 'Shirting', 0.00, 'yrd', 390.00, 540.00, 1, '0', 0.00),
(370, '20010097', 'Panting', 0.00, 'yrd', 345.00, 796.00, 1, '0', 0.00),
(371, '200100430', 'Panting', 0.00, 'yrd', 400.00, 820.00, 1, '0', 0.00),
(372, '200100346', 'Panting', 0.00, 'yrd', 267.00, 445.00, 1, '0', 0.00),
(373, '200100350', 'Panting', 0.00, 'yrd', 267.00, 436.00, 1, '0', 0.00),
(374, '200100448', 'Panting', 0.00, 'yrd', 547.00, 2.50, 1, '0', 0.00),
(375, '200100421', 'Panting', 0.00, 'yrd', 320.00, 966.67, 1, '0', 0.00),
(376, '100100790', 'Shirting', 0.00, 'yrd', 350.00, 682.86, 1, '0', 0.00),
(377, '200100281', 'Panting', 0.00, 'yrd', 442.00, 764.62, 1, '0', 0.00),
(378, '200100431', 'Panting', 0.00, 'yrd', 400.00, 820.00, 1, '0', 0.00),
(379, '200100380', 'Panting', 0.00, 'yrd', 400.00, 1056.92, 1, '0', 0.00),
(380, '200100345', 'Panting', 0.00, 'yrd', 267.00, 396.00, 1, '0', 0.00),
(381, '200100114', 'Panting', 0.00, 'yrd', 340.00, 1749.23, 1, '0', 0.00),
(382, '20010075', 'Panting', 0.00, 'yrd', 330.00, 556.00, 1, '0', 0.00),
(383, '200100343', 'Panting', 0.00, 'yrd', 267.00, 356.00, 1, '0', 0.00),
(384, '200100347', 'Panting', 0.00, 'yrd', 267.00, 396.00, 1, '0', 0.00),
(385, '200100377', 'Panting', 0.00, 'yrd', 400.00, 1570.50, 1, '0', 0.00),
(386, '200100379', 'Panting', 0.00, 'yrd', 400.00, 1570.50, 1, '0', 0.00),
(387, '20010037', 'Panting', 0.00, 'yrd', 300.00, 412.00, 1, '0', 0.00),
(388, '200100230', 'Panting', 0.00, 'yrd', 355.00, 1196.00, 1, '0', 0.00),
(389, '200100122', 'Panting', 0.00, 'yrd', 550.00, 1188.00, 1, '0', 0.00),
(390, '20010016', 'Panting', 0.00, 'yrd', 355.00, 1036.00, 1, '0', 0.00),
(391, '200100325', 'Panting', 0.00, 'yrd', 500.00, 844.00, 1, '0', 0.00),
(392, '20010003', 'Panting', 0.00, 'yrd', 345.00, 748.00, 1, '0', 0.00),
(393, '200100158', 'Panting', 0.00, 'yrd', 250.00, 580.00, 1, '0', 0.00),
(394, '200100231', 'Panting', 0.00, 'yrd', 355.00, 1196.00, 1, '0', 0.00),
(395, '200100228', 'Panting', 0.00, 'yrd', 355.00, 1196.00, 1, '0', 0.00),
(396, '200100153', 'Panting', 0.00, 'yrd', 240.00, 436.00, 1, '0', 0.00),
(397, '200100269', 'Panting', 0.00, 'yrd', 350.00, 748.00, 1, '0', 0.00),
(398, '20010076', 'Panting', 0.00, 'yrd', 330.00, 420.00, 1, '0', 0.00),
(399, '200100344', 'Panting', 0.00, 'yrd', 267.00, 356.00, 1, '0', 0.00),
(400, '200100342', 'Panting', 0.00, 'yrd', 267.00, 356.00, 1, '0', 0.00),
(401, '200100161', 'Panting', 0.00, 'yrd', 240.00, 476.00, 1, '0', 0.00),
(402, '200100390', 'Panting', 0.00, 'yrd', 360.00, 684.00, 1, '0', 0.00),
(403, '200100391', 'Panting', 0.00, 'yrd', 360.00, 684.00, 1, '0', 0.00),
(404, '100100869', 'Shirting', 0.00, 'yrd', 280.00, 420.00, 1, '0', 0.00),
(405, '100100114', 'Shirting', 0.00, 'yrd', 390.00, 694.28, 1, '0', 0.00),
(406, '100100448', 'Shirting', 0.00, 'yrd', 375.00, 454.29, 1, '0', 0.00),
(407, '100100534', 'Shirting', 0.00, 'yrd', 430.00, 454.29, 1, '0', 0.00),
(408, '100100834', 'Shirting', 0.00, 'yrd', 470.00, 391.43, 1, '0', 0.00),
(409, '100100842', 'Shirting', 0.00, 'yrd', 380.00, 448.57, 1, '0', 0.00),
(410, '100100412', 'Shirting', 0.00, 'yrd', 390.00, 368.57, 1, '0', 0.00),
(411, '100100744', 'Shirting', 0.00, 'yrd', 370.00, 431.43, 1, '0', 0.00),
(412, '100100782', 'Shirting', 0.00, 'yrd', 390.00, 454.29, 1, '0', 0.00),
(413, '100100792', 'Shirting', 0.00, 'yrd', 350.00, 311.43, 1, '0', 0.00),
(414, '100100546', 'Shirting', 0.00, 'yrd', 420.00, 340.00, 1, '0', 0.00),
(415, '100100227', 'Shirting', 0.00, 'yrd', 350.00, 397.14, 1, '0', 0.00),
(416, '100100717', 'Shirting', 0.00, 'yrd', 145.00, 185.71, 1, '0', 0.00),
(417, '100100715', 'Shirting', 0.00, 'yrd', 145.00, 185.71, 1, '0', 0.00),
(418, '10010033', 'Shirting', 0.00, 'yrd', 390.00, 282.86, 1, '0', 0.00),
(419, '100100835', 'Shirting', 0.00, 'yrd', 470.00, 311.43, 1, '0', 0.00),
(420, '100100276', 'Shirting', 0.00, 'yrd', 390.00, 317.14, 1, '0', 0.00),
(421, '10010030', 'Shirting', 0.00, 'yrd', 390.00, 311.43, 1, '0', 0.00),
(422, '100100865', 'Shirting', 0.00, 'yrd', 470.00, 397.14, 1, '0', 0.00),
(423, '100100457', 'Shirting', 0.00, 'yrd', 470.00, 534.28, 1, '0', 0.00),
(424, '100100820', 'Shirting', 0.00, 'yrd', 470.00, 420.00, 1, '0', 0.00),
(425, '100100822', 'Shirting', 0.00, 'yrd', 470.00, 528.57, 1, '0', 0.00),
(426, '100100859', 'Shirting', 0.00, 'yrd', 380.00, 454.29, 1, '0', 0.00),
(427, '100100280', 'Shirting', 0.00, 'yrd', 390.00, 294.29, 1, '0', 0.00),
(428, '100100408', 'Shirting', 0.00, 'yrd', 390.00, 357.14, 1, '0', 0.00),
(429, '100100381', 'Shirting', 0.00, 'yrd', 390.00, 357.14, 1, '0', 0.00),
(430, '100100393', 'Shirting', 0.00, 'yrd', 390.00, 505.71, 1, '0', 0.00),
(431, '100100399', 'Shirting', 0.00, 'yrd', 390.00, 357.14, 1, '0', 0.00),
(432, '10010054', 'Shirting', 0.00, 'yrd', 390.00, 311.43, 1, '0', 0.00),
(433, '100100556', 'Shirting', 0.00, 'yrd', 430.00, 185.71, 1, '0', 0.00),
(434, '100100794', 'Shirting', 0.00, 'yrd', 350.00, 397.14, 1, '0', 0.00),
(435, '100100787', 'Shirting', 0.00, 'yrd', 350.00, 380.00, 1, '0', 0.00),
(436, '100100303`', 'Shirting', 0.00, 'yrd', 390.00, 385.71, 1, '0', 0.00),
(437, '100100458', 'Shirting', 0.00, 'yrd', 505.00, 642.86, 1, '0', 0.00),
(438, '100100817', 'Shirting', 0.00, 'yrd', 470.00, 625.71, 1, '0', 0.00),
(439, '100100395', 'Shirting', 0.00, 'yrd', 390.00, 357.14, 1, '0', 0.00),
(440, '100100413', 'Shirting', 0.00, 'yrd', 390.00, 282.86, 1, '0', 0.00),
(441, '20010013', 'Panting', 0.00, 'yrd', 350.00, 1500.00, 1, '0', 0.00),
(442, '20010069', 'Panting', 0.00, 'yrd', 375.00, 1007.69, 1, '0', 0.00),
(443, '20010056', 'Panting', 0.00, 'yrd', 300.00, 1075.38, 1, '0', 0.00),
(444, '10010001', 'Shirting', 2.00, 'yrd', 390.00, 294.29, 4, '0', 0.00),
(446, '100100105', 'Shirting', 1.75, 'yrd', 390.00, 677.14, 4, '0', 0.00),
(447, '10010004', 'Shirting', 1.75, 'yrd', 390.00, 551.43, 4, '0', 0.00),
(448, '100100114', 'Shirting', 6.75, 'yrd', 390.00, 694.28, 4, '0', 0.00),
(449, '10010012', 'Shirting', 16.25, 'yrd', 390.00, 540.00, 4, '0', 0.00),
(450, '100100123', 'Shirting', 1.75, 'yrd', 390.00, 540.00, 4, '0', 0.00),
(451, '100100131', 'Shirting', 44.75, 'yrd', 200.00, 340.00, 4, '0', 0.00),
(452, '100100142', 'Shirting', 27.25, 'yrd', 200.00, 305.71, 4, '0', 0.00),
(453, '100100148', 'Shirting', 28.75, 'yrd', 200.00, 368.57, 4, '0', 0.00),
(454, '100100149', 'Shirting', 42.50, 'yrd', 200.00, 385.71, 4, '0', 0.00),
(455, '100100152', 'Shirting', 16.25, 'yrd', 200.00, 471.43, 4, '0', 0.00),
(456, '10010016', 'Shirting', 22.50, 'yrd', 390.00, 340.00, 4, '0', 0.00),
(457, '100100165', 'Shirting', 50.25, 'yrd', 200.00, 448.57, 4, '0', 0.00),
(458, '100100168', 'Shirting', 3.50, 'yrd', 200.00, 705.71, 4, '0', 0.00),
(459, '100100169', 'Shirting', 42.50, 'yrd', 200.00, 334.29, 4, '0', 0.00),
(460, '100100174', 'Shirting', 24.50, 'yrd', 200.00, 328.57, 4, '0', 0.00),
(461, '100100175', 'Shirting', 33.00, 'yrd', 200.00, 465.71, 4, '0', 0.00),
(462, '100100182', 'Shirting', 7.25, 'yrd', 280.00, 442.86, 4, '0', 0.00),
(463, '100100197', 'Shirting', 6.50, 'yrd', 200.00, 511.43, 4, '0', 0.00),
(464, '100100202', 'Shirting', 9.25, 'yrd', 140.00, 328.57, 4, '0', 0.00),
(465, '10010021', 'Shirting', 18.25, 'yrd', 320.00, 494.29, 4, '0', 0.00),
(466, '100100215', 'Shirting', 29.50, 'yrd', 350.00, 282.86, 4, '0', 0.00),
(467, '100100219', 'Shirting', 7.00, 'yrd', 350.00, 717.14, 4, '0', 0.00),
(468, '10010022', 'Shirting', 14.25, 'yrd', 390.00, 511.43, 4, '0', 0.00),
(469, '100100220', 'Shirting', 19.00, 'yrd', 350.00, 660.00, 4, '0', 0.00),
(470, '100100225', 'Shirting', 9.50, 'yrd', 350.00, 568.57, 4, '0', 0.00),
(471, '100100226', 'Shirting', 21.50, 'yrd', 350.00, 682.86, 4, '0', 0.00),
(472, '100100227', 'Shirting', 6.00, 'yrd', 350.00, 397.14, 4, '0', 0.00),
(473, '100100232', 'Shirting', 1.75, 'yrd', 350.00, 580.00, 4, '0', 0.00),
(474, '100100233', 'Shirting', 3.50, 'yrd', 350.00, 328.57, 4, '0', 0.00),
(475, '100100234', 'Shirting', 15.50, 'yrd', 140.00, 153.33, 4, '0', 0.00),
(476, '100100235', 'Shirting', 20.00, 'yrd', 140.00, 153.33, 4, '0', 0.00),
(477, '100100236', 'Shirting', 20.00, 'yrd', 140.00, 153.33, 4, '0', 0.00),
(478, '100100237', 'Shirting', 15.50, 'yrd', 140.00, 153.33, 4, '0', 0.00),
(479, '100100239', 'Shirting', 17.75, 'yrd', 140.00, 153.33, 4, '0', 0.00),
(480, '100100240', 'Shirting', 20.00, 'yrd', 140.00, 153.33, 4, '0', 0.00),
(481, '100100242', 'Shirting', 17.75, 'yrd', 140.00, 153.33, 4, '0', 0.00),
(482, '100100243', 'Shirting', 17.75, 'yrd', 140.00, 153.33, 4, '0', 0.00),
(483, '100100244', 'Shirting', 15.50, 'yrd', 140.00, 197.14, 4, '0', 0.00),
(484, '100100245', 'Shirting', 20.00, 'yrd', 140.00, 153.33, 4, '0', 0.00),
(485, '100100246', 'Shirting', 10.75, 'yrd', 140.00, 153.33, 4, '0', 0.00),
(486, '100100248', 'Shirting', 20.00, 'yrd', 140.00, 153.33, 4, '0', 0.00),
(487, '100100249', 'Shirting', 17.75, 'yrd', 140.00, 153.33, 4, '0', 0.00),
(488, '10010025', 'Shirting', 6.50, 'yrd', 390.00, 357.14, 4, '0', 0.00),
(489, '100100250', 'Shirting', 20.00, 'yrd', 140.00, 153.33, 4, '0', 0.00),
(490, '100100252', 'Shirting', 20.00, 'yrd', 140.00, 153.33, 4, '0', 0.00),
(491, '100100253', 'Shirting', 20.00, 'yrd', 140.00, 153.33, 4, '0', 0.00),
(492, '100100254', 'Shirting', 20.00, 'yrd', 140.00, 153.33, 4, '0', 0.00),
(493, '100100255', 'Shirting', 19.75, 'yrd', 140.00, 153.33, 4, '0', 0.00),
(494, '100100256', 'Shirting', 17.75, 'yrd', 140.00, 153.33, 4, '0', 0.00),
(495, '100100257', 'Shirting', 9.50, 'yrd', 140.00, 197.14, 4, '0', 0.00),
(496, '100100260', 'Shirting', 20.25, 'yrd', 200.00, 397.14, 4, '0', 0.00),
(497, '100100265', 'Shirting', 4.75, 'yrd', 390.00, 454.29, 4, '0', 0.00),
(498, '100100271', 'Shirting', 8.25, 'yrd', 390.00, 562.86, 4, '0', 0.00),
(499, '100100276', 'Shirting', 7.75, 'yrd', 390.00, 317.14, 4, '0', 0.00),
(500, '100100277', 'Shirting', 1.00, 'yrd', 390.00, 562.86, 4, '0', 0.00),
(501, '100100278', 'Shirting', 8.25, 'yrd', 390.00, 357.14, 4, '0', 0.00),
(502, '100100280', 'Shirting', 3.75, 'yrd', 390.00, 294.29, 4, '0', 0.00),
(503, '100100282', 'Shirting', 8.00, 'yrd', 390.00, 448.57, 4, '0', 0.00),
(504, '100100285', 'Shirting', 2.50, 'yrd', 390.00, 642.86, 4, '0', 0.00),
(505, '10010030', 'Shirting', 9.25, 'yrd', 390.00, 311.43, 4, '0', 0.00),
(506, '100100303`', 'Shirting', 1.75, 'yrd', 390.00, 385.71, 4, '0', 0.00),
(507, '100100305', 'Shirting', 3.75, 'yrd', 390.00, 505.71, 4, '0', 0.00),
(508, '100100314', 'Shirting', 3.50, 'yrd', 200.00, 511.43, 4, '0', 0.00),
(509, '100100325', 'Shirting', 11.25, 'yrd', 200.00, 471.43, 4, '0', 0.00),
(510, '100100327', 'Shirting', 6.25, 'yrd', 200.00, 471.43, 4, '0', 0.00),
(511, '100100328', 'Shirting', 42.75, 'yrd', 200.00, 294.29, 4, '0', 0.00),
(512, '10010033', 'Shirting', 15.50, 'yrd', 390.00, 282.86, 4, '0', 0.00),
(513, '100100331', 'Shirting', 22.50, 'yrd', 200.00, 442.86, 4, '0', 0.00),
(514, '100100333', 'Shirting', 17.25, 'yrd', 200.00, 414.29, 4, '0', 0.00),
(515, '100100334', 'Shirting', 43.50, 'yrd', 200.00, 465.71, 4, '0', 0.00),
(516, '100100338', 'Shirting', 3.50, 'yrd', 200.00, 780.00, 4, '0', 0.00),
(517, '100100339', 'Shirting', 36.00, 'yrd', 200.00, 448.57, 4, '0', 0.00),
(518, '100100341', 'Shirting', 9.00, 'yrd', 200.00, 471.43, 4, '0', 0.00),
(519, '100100343', 'Shirting', 20.25, 'yrd', 200.00, 500.00, 4, '0', 0.00),
(520, '100100349', 'Shirting', 22.50, 'yrd', 200.00, 471.43, 4, '0', 0.00),
(521, '100100357', 'Shirting', 21.25, 'yrd', 200.00, 477.14, 4, '0', 0.00),
(522, '100100359', 'Shirting', 44.25, 'yrd', 200.00, 357.14, 4, '0', 0.00),
(523, '100100364', 'Shirting', 3.50, 'yrd', 200.00, 660.00, 4, '0', 0.00),
(524, '100100369', 'Shirting', 22.50, 'yrd', 200.00, 357.14, 4, '0', 0.00),
(525, '100100380', 'Shirting', 1.75, 'yrd', 390.00, 511.43, 4, '0', 0.00),
(526, '100100381', 'Shirting', 3.75, 'yrd', 390.00, 357.14, 4, '0', 0.00),
(527, '100100385', 'Shirting', 3.50, 'yrd', 390.00, 362.86, 4, '0', 0.00),
(528, '100100392', 'Shirting', 4.25, 'yrd', 390.00, 505.71, 4, '0', 0.00),
(529, '100100393', 'Shirting', 4.00, 'yrd', 390.00, 505.71, 4, '0', 0.00),
(530, '100100395', 'Shirting', 3.50, 'yrd', 390.00, 357.14, 4, '0', 0.00),
(531, '100100399', 'Shirting', 3.50, 'yrd', 390.00, 357.14, 4, '0', 0.00),
(532, '100100408', 'Shirting', 1.75, 'yrd', 390.00, 357.14, 4, '0', 0.00),
(533, '10010041', 'Shirting', 18.00, 'yrd', 390.00, 305.71, 4, '0', 0.00),
(534, '100100411', 'Shirting', 3.75, 'yrd', 390.00, 602.86, 4, '0', 0.00),
(535, '100100412', 'Shirting', 3.50, 'yrd', 390.00, 368.57, 4, '0', 0.00),
(536, '100100413', 'Shirting', 3.50, 'yrd', 390.00, 282.86, 4, '0', 0.00),
(537, '100100420', 'Shirting', 9.00, 'yrd', 390.00, 311.43, 4, '0', 0.00),
(538, '100100429', 'Shirting', 10.25, 'yrd', 390.00, 791.43, 4, '0', 0.00),
(539, '100100432', 'Shirting', 6.75, 'yrd', 390.00, 357.14, 4, '0', 0.00),
(540, '100100436', '10010082', 1.75, 'yrd', 350.00, 705.71, 4, '0', 0.00),
(541, '100100438', 'Shirting', 1.00, 'yrd', 350.00, 185.71, 4, '0', 0.00),
(542, '100100439', 'Shirting', 2.00, 'yrd', 350.00, 185.71, 4, '0', 0.00),
(543, '100100443', 'Shirting', 3.50, 'yrd', 375.00, 700.00, 4, '0', 0.00),
(544, '100100448', 'Shirting', 6.25, 'yrd', 375.00, 454.29, 4, '0', 0.00),
(545, '10010045', 'Shirting', 14.75, 'yrd', 390.00, 642.86, 4, '0', 0.00),
(546, '100100457', 'Shirting', 2.25, 'yrd', 470.00, 534.28, 4, '0', 0.00),
(547, '100100458', 'Shirting', 2.50, 'yrd', 505.00, 642.86, 4, '0', 0.00),
(548, '10010046', 'Shirting', 8.75, 'yrd', 390.00, 511.43, 4, '0', 0.00),
(549, '100100466', 'Shirting', 10.50, 'yrd', 240.00, 682.86, 4, '0', 0.00),
(550, '100100467', 'Shirting', 10.50, 'yrd', 220.00, 682.86, 4, '0', 0.00),
(551, '10010047', 'Shirting', 2.75, 'yrd', 390.00, 385.71, 4, '0', 0.00),
(552, '100100473', '10010082', 1.75, 'yrd', 250.00, 945.71, 4, '0', 0.00),
(553, '100100482', 'Shirting', 5.00, 'yrd', 270.00, 425.71, 4, '0', 0.00),
(554, '100100500', 'Shirting', 30.00, 'yrd', 200.00, 375.00, 4, '0', 0.00),
(555, '100100501', 'Shirting', 28.00, 'yrd', 220.00, 140.00, 4, '0', 0.00),
(556, '100100502', 'Shirting', 28.00, 'yrd', 220.00, 162.86, 4, '0', 0.00),
(557, '100100504', 'Shirting', 24.75, 'yrd', 220.00, 140.00, 4, '0', 0.00),
(558, '100100505', 'Shirting', 34.00, 'yrd', 220.00, 151.43, 4, '0', 0.00),
(559, '100100506', 'Shirting', 33.00, 'yrd', 250.00, 197.14, 4, '0', 0.00),
(560, '100100508', 'Shirting', 33.50, 'yrd', 250.00, 162.86, 4, '0', 0.00),
(561, '100100509', 'Shirting', 14.00, 'yrd', 220.00, 140.00, 4, '0', 0.00),
(562, '100100510', 'Shirting', 26.50, 'yrd', 220.00, 140.00, 4, '0', 0.00),
(563, '100100519', 'Shirting', 34.00, 'yrd', 220.00, 271.43, 4, '0', 0.00),
(564, '100100522', 'Shirting', 24.25, 'yrd', 220.00, 162.86, 4, '0', 0.00),
(565, '100100527', 'Shirting', 27.50, 'yrd', 220.00, 220.00, 4, '0', 0.00),
(566, '100100529', 'Shirting', 1.75, 'yrd', 430.00, 762.86, 4, '0', 0.00),
(567, '10010053', 'Shirting', 1.75, 'yrd', 390.00, 1082.86, 4, '0', 0.00),
(568, '100100534', 'Shirting', 10.25, 'yrd', 430.00, 454.29, 4, '0', 0.00),
(569, '100100535', 'Shirting', 2.75, 'yrd', 430.00, 385.71, 4, '0', 0.00),
(570, '10010054', 'Shirting', 5.00, 'yrd', 390.00, 311.43, 4, '0', 0.00),
(571, '100100545', 'Shirting', 5.00, 'yrd', 430.00, 585.71, 4, '0', 0.00),
(572, '100100546', 'Shirting', 5.75, 'yrd', 420.00, 340.00, 4, '0', 0.00),
(573, '100100555', 'Shirting', 6.00, 'yrd', 430.00, 717.14, 4, '0', 0.00),
(574, '100100556', 'Shirting', 2.25, 'yrd', 430.00, 185.71, 4, '0', 0.00),
(575, '100100558', '10010082', 1.75, 'yrd', 410.00, 1574.29, 4, '0', 0.00),
(576, '100100574', 'Shirting', 7.00, 'yrd', 320.00, 311.43, 4, '0', 0.00),
(577, '10010058', 'Shirting', 5.25, 'yrd', 390.00, 528.57, 4, '0', 0.00),
(578, '100100582', 'Shirting', 1.75, 'yrd', 290.00, 477.14, 4, '0', 0.00),
(579, '100100588', 'Shirting', 1.75, 'yrd', 290.00, 494.29, 4, '0', 0.00),
(580, '100100597', 'Shirting', 1.75, 'yrd', 290.00, 654.28, 4, '0', 0.00),
(581, '100100623', 'Shirting', 13.25, 'yrd', 390.00, 397.14, 4, '0', 0.00),
(582, '100100635', 'Shirting', 3.50, 'yrd', 390.00, 682.86, 4, '0', 0.00),
(583, '100100644', 'Shirting', 1.75, 'yrd', 390.00, 814.28, 4, '0', 0.00),
(584, '10010065', 'Shirting', 19.00, 'yrd', 320.00, 528.57, 4, '0', 0.00),
(585, '100100663', 'Shirting', 1.75, 'yrd', 390.00, 757.14, 4, '0', 0.00),
(586, '100100676', 'Shirting', 1.75, 'yrd', 390.00, 711.43, 4, '0', 0.00),
(587, '10010068', 'Shirting', 1.75, 'yrd', 350.00, 842.86, 4, '0', 0.00),
(588, '10010069', 'Shirting', 3.50, 'yrd', 350.00, 671.43, 4, '0', 0.00),
(589, '100100691', 'Shirting', 5.75, 'yrd', 200.00, 277.14, 4, '0', 0.00),
(590, '100100692', 'Shirting', 10.50, 'yrd', 200.00, 277.14, 4, '0', 0.00),
(591, '100100694', 'Shirting', 4.25, 'yrd', 200.00, 277.14, 4, '0', 0.00),
(592, '100100695', 'Shirting', 3.00, 'yrd', 200.00, 277.14, 4, '0', 0.00),
(593, '100100697', 'Shirting', 5.25, 'yrd', 200.00, 277.14, 4, '0', 0.00),
(594, '100100698', 'Shirting', 1.50, 'yrd', 200.00, 277.14, 4, '0', 0.00),
(595, '100100699', 'Shirting', 3.25, 'yrd', 200.00, 277.14, 4, '0', 0.00),
(596, '100100700', 'Shirting', 6.50, 'yrd', 200.00, 277.14, 4, '0', 0.00),
(597, '10010071', 'Shirting', 5.75, 'yrd', 350.00, 671.43, 4, '0', 0.00),
(598, '100100711', 'Shirting', 2.25, 'yrd', 145.00, 282.86, 4, '0', 0.00),
(599, '100100715', 'Shirting', 5.25, 'yrd', 145.00, 185.71, 4, '0', 0.00),
(600, '100100717', 'Shirting', 5.25, 'yrd', 145.00, 185.71, 4, '0', 0.00),
(601, '100100720', 'Shirting', 18.00, 'yrd', 220.00, 511.43, 4, '0', 0.00),
(602, '100100722', 'Shirting', 14.50, 'yrd', 135.00, 151.43, 4, '0', 0.00),
(603, '100100723', 'Shirting', 12.50, 'yrd', 135.00, 117.78, 4, '0', 0.00),
(604, '100100724', 'Shirting', 12.50, 'yrd', 135.00, 151.43, 4, '0', 0.00),
(605, '100100725', 'Shirting', 12.50, 'yrd', 135.00, 117.78, 4, '0', 0.00),
(606, '100100726', 'Shirting', 14.75, 'yrd', 135.00, 117.78, 4, '0', 0.00),
(607, '100100727', 'Shirting', 6.75, 'yrd', 135.00, 151.43, 4, '0', 0.00),
(608, '100100728', 'Shirting', 5.75, 'yrd', 135.00, 151.43, 4, '0', 0.00),
(609, '100100729', 'Shirting', 6.00, 'yrd', 135.00, 117.78, 4, '0', 0.00),
(610, '100100730', 'Shirting', 6.50, 'yrd', 135.00, 151.43, 4, '0', 0.00),
(611, '100100731', 'Shirting', 14.75, 'yrd', 135.00, 117.78, 4, '0', 0.00),
(612, '100100732', 'Shirting', 8.75, 'yrd', 135.00, 117.78, 4, '0', 0.00),
(613, '100100733', 'Shirting', 10.25, 'yrd', 370.00, 408.57, 4, '0', 0.00),
(614, '100100738', 'Shirting', 1.00, 'yrd', 370.00, 814.28, 4, '0', 0.00),
(615, '100100740', 'Shirting', 11.25, 'yrd', 370.00, 585.71, 4, '0', 0.00),
(616, '100100744', 'Shirting', 10.25, 'yrd', 370.00, 431.43, 4, '0', 0.00),
(617, '100100745', 'Shirting', 2.25, 'yrd', 370.00, 625.71, 4, '0', 0.00),
(618, '100100746', 'Shirting', 7.75, 'yrd', 370.00, 900.00, 4, '0', 0.00),
(619, '100100747', 'Shirting', 5.25, 'yrd', 370.00, 585.71, 4, '0', 0.00),
(620, '100100748', 'Shirting', 1.75, 'yrd', 370.00, 911.43, 4, '0', 0.00),
(621, '100100751', 'Shirting', 5.75, 'yrd', 390.00, 757.14, 4, '0', 0.00),
(622, '100100755', 'Shirting', 9.00, 'yrd', 390.00, 397.14, 4, '0', 0.00),
(623, '100100756', 'Shirting', 5.50, 'yrd', 390.00, 397.14, 4, '0', 0.00),
(624, '10010076', 'Shirting', 6.00, 'yrd', 350.00, 877.14, 4, '0', 0.00),
(625, '100100767', 'Shirting', 1.75, 'yrd', 390.00, 814.28, 4, '0', 0.00),
(626, '10010077', 'Shirting', 1.75, 'yrd', 350.00, 877.14, 4, '0', 0.00),
(627, '100100773', 'Shirting', 3.50, 'yrd', 390.00, 682.86, 4, '0', 0.00),
(628, '100100775', 'Shirting', 1.75, 'yrd', 390.00, 757.14, 4, '0', 0.00),
(629, '100100780', 'Shirting', 1.75, 'yrd', 390.00, 831.43, 4, '0', 0.00),
(630, '100100782', 'Shirting', 5.00, 'yrd', 390.00, 454.29, 4, '0', 0.00),
(631, '100100786', 'Shirting', 5.50, 'yrd', 350.00, 677.14, 4, '0', 0.00),
(632, '100100787', 'Shirting', 3.75, 'yrd', 350.00, 380.00, 4, '0', 0.00),
(633, '100100788', 'Shirting', 7.00, 'yrd', 350.00, 682.86, 4, '0', 0.00),
(634, '100100789', 'Shirting', 3.50, 'yrd', 350.00, 682.86, 4, '0', 0.00),
(635, '100100790', 'Shirting', 5.25, 'yrd', 350.00, 682.86, 4, '0', 0.00),
(636, '100100791', 'Shirting', 5.50, 'yrd', 350.00, 317.14, 4, '0', 0.00),
(637, '100100792', 'Shirting', 1.75, 'yrd', 350.00, 311.43, 4, '0', 0.00),
(638, '100100794', 'Shirting', 1.00, 'yrd', 350.00, 397.14, 4, '0', 0.00),
(639, '100100800', 'Shirting', 15.75, 'yrd', 350.00, 608.57, 4, '0', 0.00),
(640, '100100801', 'Shirting', 12.00, 'yrd', 350.00, 608.57, 4, '0', 0.00),
(641, '100100803', 'Shirting', 1.75, 'yrd', 320.00, 265.71, 4, '0', 0.00),
(642, '100100804', 'Shirting', 3.50, 'yrd', 320.00, 471.43, 4, '0', 0.00),
(643, '100100807', 'Shirting', 1.75, 'yrd', 320.00, 471.43, 4, '0', 0.00),
(644, '100100808', 'Shirting', 4.00, 'yrd', 320.00, 374.29, 4, '0', 0.00),
(645, '10010081', 'Shirting', 10.25, 'yrd', 390.00, 928.57, 4, '0', 0.00),
(646, '100100810', 'Shirting', 7.00, 'yrd', 320.00, 500.00, 4, '0', 0.00),
(647, '100100812', 'Shirting', 4.75, 'yrd', 320.00, 500.00, 4, '0', 0.00),
(648, '100100817', 'Shirting', 2.00, 'yrd', 470.00, 625.71, 4, '0', 0.00),
(649, '100100818', 'Shirting', 3.75, 'yrd', 470.00, 1054.29, 4, '0', 0.00),
(650, '10010082', 'Shirting', 10.50, 'yrd', 390.00, 528.57, 4, '0', 0.00),
(651, '100100820', 'Shirting', 3.75, 'yrd', 470.00, 420.00, 4, '0', 0.00),
(652, '100100821', 'Shirting', 3.50, 'yrd', 470.00, 734.28, 4, '0', 0.00),
(653, '100100822', 'Shirting', 5.50, 'yrd', 470.00, 528.57, 4, '0', 0.00),
(654, '100100823', 'Shirting', 1.75, 'yrd', 470.00, 962.86, 4, '0', 0.00),
(655, '100100827', 'Shirting', 3.50, 'yrd', 470.00, 1042.86, 4, '0', 0.00),
(656, '100100829', 'Shirting', 1.75, 'yrd', 470.00, 1042.86, 4, '0', 0.00),
(657, '10010083', 'Shirting', 7.00, 'yrd', 390.00, 528.57, 4, '0', 0.00),
(658, '100100834', 'Shirting', 4.50, 'yrd', 470.00, 391.43, 4, '0', 0.00),
(659, '100100835', 'Shirting', 3.25, 'yrd', 470.00, 311.43, 4, '0', 0.00),
(660, '100100837', 'Shirting', 1.50, 'yrd', 470.00, 1517.14, 4, '0', 0.00),
(661, '100100839', 'Shirting', 5.25, 'yrd', 300.00, 1042.86, 4, '0', 0.00),
(662, '10010084', 'Shirting', 7.00, 'yrd', 390.00, 528.57, 4, '0', 0.00),
(663, '100100840', 'Shirting', 5.00, 'yrd', 300.00, 814.28, 4, '0', 0.00),
(664, '100100842', 'Shirting', 3.00, 'yrd', 380.00, 448.57, 4, '0', 0.00),
(665, '100100844', 'Shirting', 4.00, 'yrd', 300.00, 562.86, 4, '0', 0.00),
(666, '100100845', 'Shirting', 5.50, 'yrd', 280.00, 545.71, 4, '0', 0.00),
(667, '100100847', 'Shirting', 4.75, 'yrd', 470.00, 905.71, 4, '0', 0.00),
(668, '100100849', 'Shirting', 1.75, 'yrd', 470.00, 945.71, 4, '0', 0.00),
(669, '100100850', 'Shirting', 3.50, 'yrd', 470.00, 780.00, 4, '0', 0.00),
(670, '100100851', 'Shirting', 1.75, 'yrd', 470.00, 780.00, 4, '0', 0.00),
(671, '100100852', 'Shirting', 1.75, 'yrd', 470.00, 1100.00, 4, '0', 0.00),
(672, '100100853', 'Shirting', 5.25, 'yrd', 470.00, 1048.57, 4, '0', 0.00),
(673, '100100854', 'Shirting', 5.50, 'yrd', 380.00, 854.28, 4, '0', 0.00),
(674, '100100857', 'Shirting', 1.75, 'yrd', 380.00, 266.29, 4, '0', 0.00),
(675, '100100859', 'Shirting', 3.75, 'yrd', 380.00, 454.29, 4, '0', 0.00),
(676, '100100863', 'Shirting', 5.25, 'yrd', 470.00, 814.28, 4, '0', 0.00),
(677, '100100864', '10010082', 1.75, 'yrd', 470.00, 928.57, 4, '0', 0.00),
(678, '100100865', 'Shirting', 5.50, 'yrd', 470.00, 397.14, 4, '0', 0.00),
(679, '100100868', 'Shirting', 0.00, 'yrd', 280.00, 562.86, 4, '0', 0.00),
(680, '100100869', 'Shirting', 7.00, 'yrd', 280.00, 420.00, 4, '0', 0.00),
(681, '100100870', 'Shirting', 5.25, 'yrd', 280.00, 562.86, 4, '0', 0.00),
(682, '100100871', 'Shirting', 5.25, 'yrd', 280.00, 848.57, 4, '0', 0.00),
(683, '100100872', 'Shirting', 3.50, 'yrd', 280.00, 562.86, 4, '0', 0.00),
(684, '100100873', 'Shirting', 14.00, 'yrd', 280.00, 562.86, 4, '0', 0.00),
(685, '100100874', 'Shirting', 5.25, 'yrd', 280.00, 562.86, 4, '0', 0.00),
(686, '100100875', 'Shirting', 1.75, 'yrd', 280.00, 437.14, 4, '0', 0.00),
(687, '100100876', 'Shirting', 7.00, 'yrd', 470.00, 757.14, 4, '0', 0.00),
(688, '100100877', 'Shirting', 6.75, 'yrd', 130.00, 6.75, 4, '0', 0.00),
(689, '100100878', 'Shirting', 4.50, 'yrd', 130.00, 300.00, 4, '0', 0.00),
(690, '100100879', 'Shirting', 9.00, 'yrd', 130.00, 300.00, 4, '0', 0.00),
(691, '100100880', 'Shirting', 4.50, 'yrd', 130.00, 300.00, 4, '0', 0.00),
(692, '100100881', 'Shirting', 9.00, 'yrd', 130.00, 300.00, 4, '0', 0.00),
(693, '100100882', 'Shirting', 11.25, 'yrd', 130.00, 300.00, 4, '0', 0.00),
(694, '100100883', 'Shirting', 5.25, 'yrd', 130.00, 300.00, 4, '0', 0.00),
(695, '100100884', 'Shirting', 30.00, 'yrd', 130.00, 134.28, 4, '0', 0.00),
(696, '100100885', 'Shirting', 26.00, 'yrd', 130.00, 134.28, 4, '0', 0.00),
(697, '100100886', 'Shirting', 28.75, 'yrd', 130.00, 145.71, 4, '0', 0.00),
(698, '100100887', 'Shirting', 21.50, 'yrd', 130.00, 151.43, 4, '0', 0.00),
(699, '100100888', 'Shirting', 34.00, 'yrd', 130.00, 157.14, 4, '0', 0.00),
(700, '100100890', 'Shirting', 6.25, 'yrd', 130.00, 357.14, 4, '0', 0.00),
(701, '100100891', 'Shirting', 62.25, 'yrd', 130.00, 362.86, 4, '0', 0.00),
(702, '100100892', 'Shirting', 13.50, 'yrd', 450.00, 700.00, 4, '0', 0.00),
(703, '100100893', 'Shirting', 8.00, 'yrd', 130.00, 151.43, 4, '0', 0.00);
INSERT INTO `ospos_fabrics` (`fabrics_id`, `fabrics_model`, `name`, `qty`, `unit`, `cost_price`, `unit_price`, `branch_id`, `deleted`, `remainqty`) VALUES
(704, '100100894', 'Shirting', 10.25, 'yrd', 130.00, 151.43, 4, '0', 0.00),
(705, '100100895', 'Shirting', 7.00, 'yrd', 130.00, 151.43, 4, '0', 0.00),
(706, '100100896', 'Shirting', 6.75, 'yrd', 130.00, 162.86, 4, '0', 0.00),
(707, '100100903', 'Shirting', 2.00, 'yrd', 80.00, 454.29, 4, '0', 0.00),
(708, '100100904', 'Shirting', 6.50, 'yrd', 80.00, 391.43, 4, '0', 0.00),
(709, '100100905', 'Shirting', 6.75, 'yrd', 80.00, 511.43, 4, '0', 0.00),
(710, '20010001', 'Panting', 17.25, 'yrd', 345.00, 1001.54, 4, '0', 0.00),
(711, '20010002', 'Panting', 14.25, 'yrd', 345.00, 1001.54, 4, '0', 0.00),
(712, '20010003', 'Panting', 5.75, 'yrd', 345.00, 748.00, 4, '0', 0.00),
(713, '20010006', 'Panting', 6.50, 'yrd', 385.00, 826.15, 4, '0', 0.00),
(714, '20010009', 'Panting', 10.00, 'yrd', 550.00, 1196.00, 4, '0', 0.00),
(715, '200100100', 'Panting', 4.25, 'yrd', 345.00, 532.00, 4, '0', 0.00),
(716, '200100105', 'Panting', 6.50, 'yrd', 340.00, 1340.00, 4, '0', 0.00),
(717, '200100107', 'Panting', 6.50, 'yrd', 340.00, 1340.00, 4, '0', 0.00),
(718, '200100109', 'Panting', 9.75, 'yrd', 340.00, 2216.92, 4, '0', 0.00),
(719, '200100112', 'Panting', 8.75, 'yrd', 340.00, 1998.46, 4, '0', 0.00),
(720, '200100114', 'Panting', 3.25, 'yrd', 340.00, 1749.23, 4, '0', 0.00),
(721, '200100116', 'Panting', 6.25, 'yrd', 550.00, 1084.62, 4, '0', 0.00),
(722, '200100117', 'Panting', 6.50, 'yrd', 550.00, 1084.62, 4, '0', 0.00),
(723, '200100118', 'Panting', 6.25, 'yrd', 550.00, 1196.00, 4, '0', 0.00),
(724, '200100121', 'Panting', 4.00, 'yrd', 550.00, 1188.00, 4, '0', 0.00),
(725, '200100122', 'Panting', 3.25, 'yrd', 550.00, 1188.00, 4, '0', 0.00),
(726, '200100126', 'Panting', 2.00, 'yrd', 550.00, 1792.31, 4, '0', 0.00),
(727, '200100127', 'Panting', 2.50, 'yrd', 550.00, 1792.31, 4, '0', 0.00),
(728, '200100129', 'Panting', 2.75, 'yrd', 550.00, 1188.00, 4, '0', 0.00),
(729, '20010013', 'Panting', 3.25, 'yrd', 350.00, 1500.00, 4, '0', 0.00),
(730, '200100132', 'Panting', 10.50, 'yrd', 550.00, 708.00, 4, '0', 0.00),
(731, '200100137', 'Panting', 12.50, 'yrd', 550.00, 1196.00, 4, '0', 0.00),
(732, '200100139', 'Panting', 14.00, 'yrd', 550.00, 675.38, 4, '0', 0.00),
(733, '200100140', 'Panting', 9.00, 'yrd', 550.00, 796.00, 4, '0', 0.00),
(734, '200100141', 'Panting', 6.50, 'yrd', 550.00, 1332.00, 4, '0', 0.00),
(735, '200100142', 'Panting', 6.50, 'yrd', 550.00, 980.00, 4, '0', 0.00),
(736, '200100145', 'Panting', 5.00, 'yrd', 400.00, 1596.00, 4, '0', 0.00),
(737, '200100147', 'Panting', 7.50, 'yrd', 400.00, 1596.00, 4, '0', 0.00),
(738, '200100148', 'Panting', 10.50, 'yrd', 250.00, 740.00, 4, '0', 0.00),
(739, '200100149', 'Panting', 8.50, 'yrd', 250.00, 1660.00, 4, '0', 0.00),
(740, '20010015', 'Panting', 14.75, 'yrd', 355.00, 675.38, 4, '0', 0.00),
(741, '200100150', 'Panting', 12.00, 'yrd', 250.00, 740.00, 4, '0', 0.00),
(742, '200100151', 'Panting', 9.50, 'yrd', 250.00, 740.00, 4, '0', 0.00),
(743, '200100152', 'Panting ', 8.00, 'yrd', 250.00, 548.00, 4, '0', 0.00),
(744, '200100153', 'Panting', 6.25, 'yrd', 240.00, 436.00, 4, '0', 0.00),
(745, '200100154', 'Panting', 10.00, 'yrd', 250.00, 452.00, 4, '0', 0.00),
(746, '200100155', 'Panting', 20.50, 'yrd', 240.00, 173.85, 4, '0', 0.00),
(747, '200100157', 'Panting', 11.25, 'yrd', 250.00, 1001.54, 4, '0', 0.00),
(748, '200100158', 'Panting', 5.25, 'yrd', 250.00, 580.00, 4, '0', 0.00),
(749, '20010016', 'Panting', 7.75, 'yrd', 355.00, 1036.00, 4, '0', 0.00),
(750, '200100161', 'Panting', 5.50, 'yrd', 240.00, 476.00, 4, '0', 0.00),
(751, '200100162', 'Panting', 8.00, 'yrd', 250.00, 887.69, 4, '0', 0.00),
(752, '200100163', 'Panting', 18.00, 'yrd', 250.00, 1801.54, 4, '0', 0.00),
(753, '200100164', 'Panting', 6.00, 'yrd', 250.00, 2196.00, 4, '0', 0.00),
(754, '200100165', 'Panting', 6.50, 'yrd', 250.00, 1108.00, 4, '0', 0.00),
(755, '200100166', 'Panting', 16.50, 'yrd', 250.00, 1075.38, 4, '0', 0.00),
(756, '200100167', 'Panting', 9.75, 'yrd', 250.00, 1915.38, 4, '0', 0.00),
(757, '200100168', 'Panting', 5.00, 'yrd', 240.00, 3988.00, 4, '0', 0.00),
(758, '200100169', 'Panting', 3.75, 'yrd', 240.00, 3896.92, 4, '0', 0.00),
(759, '200100170', 'Panting', 7.00, 'yrd', 240.00, 3596.00, 4, '0', 0.00),
(760, '200100171', 'Panting', 20.00, 'yrd', 240.00, 1669.23, 4, '0', 0.00),
(761, '200100175', 'Panting', 9.75, 'yrd', 200.00, 2552.31, 4, '0', 0.00),
(762, '200100176', 'Panting', 4.50, 'yrd', 240.00, 1516.00, 4, '0', 0.00),
(763, '200100177', 'Shirting', 9.50, 'yrd', 240.00, 1996.00, 4, '0', 0.00),
(764, '20010018', 'Panting', 6.50, 'yrd', 355.00, 1036.00, 4, '0', 0.00),
(765, '200100180', 'Panting', 2.75, 'yrd', 320.00, 796.00, 4, '0', 0.00),
(766, '200100181', 'Panting', 7.75, 'yrd', 320.00, 796.00, 4, '0', 0.00),
(767, '200100185', 'Panting', 11.25, 'yrd', 320.00, 272.31, 4, '0', 0.00),
(768, '200100186', 'Panting', 7.50, 'yrd', 320.00, 708.00, 4, '0', 0.00),
(769, '200100188', 'Panting', 1.25, 'yrd', 320.00, 708.00, 4, '0', 0.00),
(770, '200100194', 'Panting', 2.25, 'yrd', 285.00, 596.00, 4, '0', 0.00),
(771, '200100196', 'Panting', 6.25, 'yrd', 285.00, 596.00, 4, '0', 0.00),
(772, '200100200', 'Panting', 5.50, 'yrd', 355.00, 1116.00, 4, '0', 0.00),
(773, '200100201', 'Panting', 5.25, 'yrd', 355.00, 1373.85, 4, '0', 0.00),
(774, '200100202', 'Panting', 13.50, 'yrd', 355.00, 1373.85, 4, '0', 0.00),
(775, '200100206', 'Panting', 5.25, 'yrd', 355.00, 1116.00, 4, '0', 0.00),
(776, '200100207', 'Panting', 6.50, 'yrd', 355.00, 1116.00, 4, '0', 0.00),
(777, '200100209', 'Panting', 6.50, 'yrd', 475.00, 1438.46, 4, '0', 0.00),
(778, '200100217', 'Panting', 9.00, 'yrd', 370.00, 780.00, 4, '0', 0.00),
(779, '200100218', 'Panting', 10.75, 'yrd', 370.00, 780.00, 4, '0', 0.00),
(780, '200100219', 'Panting', 4.50, 'yrd', 370.00, 780.00, 4, '0', 0.00),
(781, '200100220', 'Panting', 5.50, 'yrd', 370.00, 972.00, 4, '0', 0.00),
(782, '200100228', 'Panting', 4.00, 'yrd', 355.00, 1196.00, 4, '0', 0.00),
(783, '200100229', 'Panting', 2.75, 'yrd', 355.00, 1196.00, 4, '0', 0.00),
(784, '200100230', 'Panting', 4.00, 'yrd', 355.00, 1196.00, 4, '0', 0.00),
(785, '200100231', 'Panting', 7.00, 'yrd', 355.00, 1196.00, 4, '0', 0.00),
(786, '200100232', 'Panting', 6.50, 'yrd', 355.00, 1490.77, 4, '0', 0.00),
(787, '200100236', 'Panting', 11.25, 'yrd', 330.00, 924.00, 4, '0', 0.00),
(788, '200100237', 'Panting', 6.25, 'yrd', 330.00, 924.00, 4, '0', 0.00),
(789, '200100238', 'Panting', 3.00, 'yrd', 330.00, 924.00, 4, '0', 0.00),
(790, '200100239', 'Panting', 1.25, 'yrd', 330.00, 924.00, 4, '0', 0.00),
(791, '20010024', 'Panting', 1.75, 'yrd', 365.00, 796.00, 4, '0', 0.00),
(792, '200100241', 'Panting', 13.25, 'yrd', 330.00, 924.00, 4, '0', 0.00),
(793, '200100242', 'Panting', 5.25, 'yrd', 340.00, 1188.00, 4, '0', 0.00),
(794, '200100247', 'Panting', 8.25, 'yrd', 335.00, 998.46, 4, '0', 0.00),
(795, '200100253', 'Panting', 4.20, 'yrd', 335.00, 716.00, 4, '0', 0.00),
(796, '200100254', 'Panting', 3.45, 'yrd', 335.00, 716.00, 4, '0', 0.00),
(797, '200100258', 'Panting', 1.00, 'yrd', 335.00, 1180.00, 4, '0', 0.00),
(798, '200100259', 'Panting', 6.50, 'yrd', 320.00, 988.00, 4, '0', 0.00),
(799, '200100263', 'Panting', 4.75, 'yrd', 320.00, 1028.00, 4, '0', 0.00),
(800, '200100269', 'Panting', 4.50, 'yrd', 350.00, 748.00, 4, '0', 0.00),
(801, '200100274', 'Panting', 6.00, 'yrd', 340.00, 887.69, 4, '0', 0.00),
(802, '200100277', 'Panting', 6.50, 'yrd', 434.00, 847.69, 4, '0', 0.00),
(803, '200100278', 'Panting', 7.50, 'yrd', 434.00, 956.00, 4, '0', 0.00),
(804, '200100279', 'Panting', 8.50, 'yrd', 434.00, 976.92, 4, '0', 0.00),
(805, '200100280', 'Panting', 10.75, 'yrd', 442.00, 764.62, 4, '0', 0.00),
(806, '200100281', 'Panting', 7.00, 'yrd', 442.00, 764.62, 4, '0', 0.00),
(807, '200100287', 'Panting', 8.50, 'yrd', 480.00, 973.85, 4, '0', 0.00),
(808, '200100288', 'Panting', 5.25, 'yrd', 434.00, 988.00, 4, '0', 0.00),
(809, '200100289', 'Panting', 5.75, 'yrd', 450.00, 780.00, 4, '0', 0.00),
(810, '200100290', 'Panting', 1.25, 'yrd', 459.00, 828.00, 4, '0', 0.00),
(811, '200100293', 'Panting', 9.75, 'yrd', 434.00, 887.69, 4, '0', 0.00),
(812, '200100294', 'Panting', 9.50, 'yrd', 434.00, 887.69, 4, '0', 0.00),
(813, '200100297', 'Panting', 4.00, 'yrd', 442.00, 275.38, 4, '0', 0.00),
(814, '200100299', 'Panting', 7.25, 'yrd', 450.00, 900.00, 4, '0', 0.00),
(815, '20010030', 'Panting', 2.25, 'yrd', 400.00, 1404.00, 4, '0', 0.00),
(816, '200100311', 'Panting', 6.25, 'yrd', 180.00, 756.00, 4, '0', 0.00),
(817, '200100313', 'Panting', 6.25, 'yrd', 180.00, 756.00, 4, '0', 0.00),
(818, '200100316', 'Panting', 1.25, 'yrd', 180.00, 628.00, 4, '0', 0.00),
(819, '200100317', 'Panting', 2.45, 'yrd', 180.00, 628.00, 4, '0', 0.00),
(820, '200100319', 'Panting', 7.50, 'yrd', 180.00, 676.00, 4, '0', 0.00),
(821, '200100320', 'Panting', 6.25, 'yrd', 180.00, 676.00, 4, '0', 0.00),
(822, '200100322', 'Panting', 6.25, 'yrd', 180.00, 580.00, 4, '0', 0.00),
(823, '200100323', 'Panting', 6.25, 'yrd', 180.00, 756.00, 4, '0', 0.00),
(824, '200100325', 'Panting', 6.50, 'yrd', 500.00, 844.00, 4, '0', 0.00),
(825, '200100326', 'Panting', 4.00, 'yrd', 500.00, 844.00, 4, '0', 0.00),
(826, '200100342', 'Panting', 7.50, 'yrd', 267.00, 356.00, 4, '0', 0.00),
(827, '200100343', 'Panting', 5.25, 'yrd', 267.00, 356.00, 4, '0', 0.00),
(828, '200100344', 'Panting', 6.50, 'yrd', 267.00, 356.00, 4, '0', 0.00),
(829, '200100345', 'Panting', 4.00, 'yrd', 267.00, 396.00, 4, '0', 0.00),
(830, '200100346', 'Panting', 2.75, 'yrd', 267.00, 445.00, 4, '0', 0.00),
(831, '200100347', 'Panting', 6.50, 'yrd', 267.00, 396.00, 4, '0', 0.00),
(832, '200100350', 'Panting', 3.45, 'yrd', 267.00, 436.00, 4, '0', 0.00),
(833, '20010036', 'Panting', 2.13, 'yrd', 300.00, 508.00, 4, '0', 0.00),
(834, '20010037', 'Panting', 4.75, 'yrd', 300.00, 412.00, 4, '0', 0.00),
(835, '200100377', 'Panting', 2.19, 'yrd', 400.00, 1570.50, 4, '0', 0.00),
(836, '200100379', 'Panting', 2.19, 'yrd', 400.00, 1570.50, 4, '0', 0.00),
(837, '200100380', 'Panting', 1.25, 'yrd', 400.00, 1056.92, 4, '0', 0.00),
(838, '200100389', 'Panting', 9.75, 'yrd', 360.00, 995.38, 4, '0', 0.00),
(839, '200100390', 'Panting', 6.50, 'yrd', 360.00, 684.00, 4, '0', 0.00),
(840, '200100391', 'Panting', 6.50, 'yrd', 360.00, 684.00, 4, '0', 0.00),
(841, '200100397', 'Panting', 10.00, 'yrd', 260.00, 580.00, 4, '0', 0.00),
(842, '200100401', 'Panting', 10.00, 'yrd', 400.00, 1004.00, 4, '0', 0.00),
(843, '200100402', 'Panting', 7.50, 'yrd', 400.00, 1884.62, 4, '0', 0.00),
(844, '200100403', 'Panting', 17.25, 'yrd', 400.00, 660.00, 4, '0', 0.00),
(845, '200100421', 'Panting', 3.75, 'yrd', 320.00, 966.67, 4, '0', 0.00),
(846, '200100430', 'Panting', 2.50, 'yrd', 400.00, 820.00, 4, '0', 0.00),
(847, '200100431', 'Panting', 3.75, 'yrd', 400.00, 820.00, 4, '0', 0.00),
(848, '200100433', 'Panting', 4.75, 'yrd', 320.00, 940.00, 4, '0', 0.00),
(849, '200100435', 'Panting', 4.00, 'yrd', 352.00, 420.00, 4, '0', 0.00),
(850, '200100442', 'Panting', 3.75, 'yrd', 352.00, 844.00, 4, '0', 0.00),
(851, '200100448', 'Panting', 2.50, 'yrd', 547.00, 2.50, 4, '0', 0.00),
(852, '200100476', 'Panting', 5.00, 'yrd', 400.00, 1036.00, 4, '0', 0.00),
(853, '200100481', 'Panting', 10.00, 'yrd', 432.00, 956.00, 4, '0', 0.00),
(854, '200100484', 'Panting', 10.75, 'yrd', 200.00, 500.00, 4, '0', 0.00),
(855, '200100485', 'Panting', 6.00, 'yrd', 300.00, 1436.00, 4, '0', 0.00),
(856, '20010049', 'Panting', 5.00, 'yrd', 320.00, 844.00, 4, '0', 0.00),
(857, '20010050', 'Panting', 5.00, 'yrd', 330.00, 700.00, 4, '0', 0.00),
(858, '20010051', 'Panting', 2.25, 'yrd', 350.00, 956.00, 4, '0', 0.00),
(859, '20010055', 'Panting', 4.75, 'yrd', 300.00, 876.00, 4, '0', 0.00),
(860, '20010056', 'Panting', 6.50, 'yrd', 300.00, 1075.38, 4, '0', 0.00),
(861, '20010059', 'Panting', 9.00, 'yrd', 335.00, 788.00, 4, '0', 0.00),
(862, '20010062', 'Panting', 6.50, 'yrd', 335.00, 788.00, 4, '0', 0.00),
(863, '20010069', 'Panting', 6.50, 'yrd', 375.00, 1007.69, 4, '0', 0.00),
(864, '200100706', 'Panting', 5.00, 'yrd', 300.00, 796.00, 4, '0', 0.00),
(865, '20010075', 'Panting', 6.75, 'yrd', 330.00, 556.00, 4, '0', 0.00),
(866, '20010076', 'Panting', 4.50, 'yrd', 330.00, 420.00, 4, '0', 0.00),
(867, '20010097', 'Panting', 1.25, 'yrd', 345.00, 796.00, 4, '0', 0.00),
(868, '20010098', 'Panting', 1.25, 'yrd', 345.00, 796.00, 4, '0', 0.00),
(869, '100100907', 'Shirting', 0.00, 'yrd', 265.00, 391.43, 1, '0', 0.00),
(870, '100100906', 'Shirting', 0.00, 'yrd', 265.00, 391.43, 1, '0', 0.00),
(871, '100100918', 'Shirting', 0.00, 'yrd', 285.00, 471.43, 1, '0', 0.00),
(872, '100100917', 'Shirting', 0.00, 'yrd', 285.00, 471.43, 1, '0', 0.00),
(873, '100100908', 'Shirting', 0.00, 'yrd', 265.00, 391.43, 1, '0', 0.00),
(874, '100100909', 'Shirting', 0.00, 'yrd', 265.00, 471.43, 1, '0', 0.00),
(875, '100100913', 'Shirting', 0.00, 'yrd', 285.00, 500.00, 1, '0', 0.00),
(876, '100100914', 'Shirting', 0.00, 'yrd', 285.00, 500.00, 1, '0', 0.00),
(877, '100100912', 'Shirting', 0.00, 'yrd', 285.00, 557.14, 1, '0', 0.00),
(878, '100100911', 'Shirting', 0.00, 'yrd', 265.00, 540.00, 1, '0', 0.00),
(879, '100100910', 'Shirting', 0.00, 'yrd', 265.00, 540.00, 1, '0', 0.00),
(880, '100100915', 'Shirting', 0.00, 'yrd', 285.00, 700.00, 1, '0', 0.00),
(881, '100100916', 'Shirting', 0.00, 'yrd', 285.00, 642.86, 1, '0', 0.00),
(882, '100100922', 'Shirting', 0.00, 'yrd', 270.00, 385.71, 1, '0', 0.00),
(883, '100100920', 'Shirting', 0.00, 'yrd', 270.00, 385.71, 1, '0', 0.00),
(884, '100100919', 'Shirting', 0.00, 'yrd', 270.00, 385.71, 1, '0', 0.00),
(885, '100100921', 'Shirting', 0.00, 'yrd', 270.00, 385.71, 1, '0', 0.00),
(886, '100100907', 'Shirting', 5.25, 'yrd', 265.00, 391.43, 4, '0', 0.00),
(887, '100100906', 'Shirting', 5.25, 'yrd', 265.00, 391.43, 4, '0', 0.00),
(888, '100100918', 'Shirting', 5.25, 'yrd', 285.00, 471.43, 4, '0', 0.00),
(889, '100100917', 'Shirting', 5.25, 'yrd', 285.00, 471.43, 4, '0', 0.00),
(890, '100100908', 'Shirting', 5.25, 'yrd', 265.00, 391.43, 4, '0', 0.00),
(891, '100100909', 'Shirting', 5.25, 'yrd', 265.00, 471.43, 4, '0', 0.00),
(892, '100100913', 'Shirting', 5.25, 'yrd', 285.00, 500.00, 4, '0', 0.00),
(893, '100100914', 'Shirting', 5.25, 'yrd', 285.00, 500.00, 4, '0', 0.00),
(894, '100100912', 'Shirting', 5.25, 'yrd', 285.00, 557.14, 4, '0', 0.00),
(895, '100100911', 'Shirting', 5.25, 'yrd', 265.00, 540.00, 4, '0', 0.00),
(896, '100100910', 'Shirting', 5.25, 'yrd', 265.00, 540.00, 4, '0', 0.00),
(897, '100100915', 'Shirting', 5.25, 'yrd', 285.00, 700.00, 4, '0', 0.00),
(898, '100100916', 'Shirting', 5.25, 'yrd', 285.00, 642.86, 4, '0', 0.00),
(899, '100100922', 'Shirting', 3.50, 'yrd', 270.00, 385.71, 4, '0', 0.00),
(900, '100100920', 'Shirting', 3.50, 'yrd', 270.00, 385.71, 4, '0', 0.00),
(901, '100100919', 'Shirting', 3.50, 'yrd', 270.00, 385.71, 4, '0', 0.00),
(902, '100100921', 'Shirting', 3.50, 'yrd', 270.00, 385.71, 4, '0', 0.00),
(903, '200100463', 'Panting', 0.00, 'yrd', 265.00, 690.40, 1, '0', 0.00),
(904, '200100463', 'Panting', 0.00, 'yrd', 265.00, 690.40, 4, '0', 0.00),
(906, '2001000001', 'Shuting', 3.50, 'yrd', 340.00, 1340.00, 1, '0', 0.00),
(907, '2001000002', 'Shuting', 6.00, 'yrd', 340.00, 1340.00, 1, '0', 0.00),
(908, '2001000003', 'Shuting', 7.25, 'yrd', 340.00, 1481.54, 1, '0', 0.00),
(909, '2001000004', 'Shuting', 7.00, 'yrd', 385.00, 1484.62, 1, '0', 0.00),
(910, '2001000005', 'Shuting', 11.00, 'yrd', 340.00, 1675.38, 1, '0', 0.00),
(911, '2001000006', 'Shuting', 10.00, 'yrd', 340.00, 1481.54, 1, '0', 0.00),
(912, '2001000007', 'Shuting', 7.75, 'yrd', 340.00, 1340.00, 1, '0', 0.00),
(913, '2001000008', 'Shuting', 6.25, 'yrd', 340.00, 1340.00, 1, '0', 0.00),
(914, '2001000009', 'Shuting', 7.75, 'yrd', 340.00, 1675.38, 1, '0', 0.00),
(915, '1001000001', 'Shirting', 7.00, 'yrd', 220.00, 500.00, 1, '0', 0.00),
(916, '1001000002', 'Shirting', 7.00, 'yrd', 220.00, 500.00, 1, '0', 0.00),
(917, '1001000003', 'Shirting', 7.00, 'yrd', 220.00, 500.00, 1, '0', 0.00),
(918, '1001000004', 'Shirting', 7.00, 'yrd', 220.00, 500.00, 1, '0', 0.00),
(919, '1001000005', 'Shirting', 7.00, 'yrd', 220.00, 540.00, 1, '0', 0.00),
(920, '1001000006', 'Shirting', 7.00, 'yrd', 220.00, 540.00, 1, '0', 0.00),
(921, '1001000007', 'Shirting', 6.00, 'yrd', 220.00, 460.00, 1, '0', 0.00),
(922, '1001000008', 'Shirting / Panjabi', 11.00, 'yrd', 100.00, 145.00, 1, '0', 0.00),
(923, '1001000009', 'Shirting / Panjabi', 11.00, 'yrd', 100.00, 145.00, 1, '0', 0.00),
(924, '1001000010', 'Shirting / Panjabi', 11.00, 'yrd', 100.00, 145.00, 1, '0', 0.00),
(925, '1001000011', 'Shirting / Panjabi', 11.00, 'yrd', 100.00, 145.00, 1, '0', 0.00),
(926, '1001000012', 'Shirting / Panjabi', 11.00, 'yrd', 100.00, 145.00, 1, '0', 0.00),
(927, '1001000013', 'Shirting / Panjabi', 11.00, 'yrd', 100.00, 145.00, 1, '0', 0.00),
(928, '2001000010', 'Panting', 5.00, 'yrd', 175.00, 308.00, 1, '0', 0.00),
(929, '2001000011', 'Panting', 1.25, 'yrd', 175.00, 308.00, 1, '0', 0.00),
(930, '2001000012', 'Panting', 3.75, 'yrd', 175.00, 308.00, 1, '0', 0.00),
(931, '2001000013', 'Panting', 5.00, 'yrd', 175.00, 308.00, 1, '0', 0.00),
(932, '2001000014', 'Panting', 3.75, 'yrd', 175.00, 308.00, 1, '0', 0.00),
(933, '2001000015', 'Panting', 3.75, 'yrd', 175.00, 308.00, 1, '0', 0.00),
(934, '2001000016', 'Panting', 3.75, 'yrd', 175.00, 308.00, 1, '0', 0.00),
(935, '2001000017', 'Panting', 3.75, 'yrd', 175.00, 308.00, 1, '0', 0.00),
(936, '2001000018', 'Panting', 5.00, 'yrd', 175.00, 308.00, 1, '0', 0.00),
(937, '2001000019', 'Panting', 5.00, 'yrd', 175.00, 308.00, 1, '0', 0.00),
(938, '2001000020', 'Shuting', 12.00, 'yrd', 350.00, 998.46, 1, '0', 0.00),
(939, '2001000021', 'Shuting', 5.50, 'yrd', 345.00, 1004.62, 1, '0', 0.00),
(940, '2001000022', 'Shuting', 6.00, 'yrd', 350.00, 998.46, 1, '0', 0.00),
(941, '2001000023', 'Shuting', 3.25, 'yrd', 345.00, 998.46, 1, '0', 0.00),
(942, '2001000024', 'Shuting', 4.00, 'yrd', 385.00, 1749.23, 1, '0', 0.00),
(943, '2001000025', 'Shuting', 6.25, 'yrd', 355.00, 1063.08, 1, '0', 0.00),
(944, '2001000026', 'Suiting', 3.25, 'yrd', 385.00, 1161.54, 1, '0', 0.00),
(945, '2001000027', 'Suiting', 3.25, 'yrd', 405.00, 1198.46, 1, '0', 0.00),
(946, '2001000028', 'Suiting', 3.25, 'yrd', 405.00, 1198.46, 1, '0', 0.00),
(947, '2001000029', 'Suiting', 4.75, 'yrd', 345.00, 826.15, 1, '0', 0.00),
(948, '2001000030', 'Suiting', 5.00, 'yrd', 345.00, 826.15, 1, '0', 0.00),
(949, '2001000031', 'Suiting', 6.50, 'yrd', 250.00, 887.69, 1, '0', 0.00),
(950, '2001000032', 'Suiting', 3.75, 'yrd', 425.00, 1306.15, 1, '0', 0.00),
(951, '2001000033', 'Suiting', 6.25, 'yrd', 385.00, 1176.92, 1, '0', 0.00),
(952, '2001000034', 'Suiting', 6.25, 'yrd', 405.00, 1198.46, 1, '0', 0.00),
(953, '2001000035', 'Suiting', 3.25, 'yrd', 550.00, 1373.85, 1, '0', 0.00),
(954, '2001000036', 'Suiting', 5.25, 'yrd', 420.00, 1213.85, 1, '0', 0.00),
(955, '2001000037', 'Suiting', 3.25, 'yrd', 240.00, 2038.46, 1, '0', 0.00),
(956, '2001000038', 'Suiting', 5.00, 'yrd', 335.00, 918.46, 1, '0', 0.00),
(958, '2001000040', 'Suiting', 3.25, 'yrd', 400.00, 1072.31, 1, '0', 0.00),
(959, '2001000041', 'Suiting', 4.50, 'yrd', 395.00, 1309.23, 1, '0', 0.00),
(960, '2001000042', 'Panting', 6.50, 'yrd', 345.00, 748.00, 1, '0', 0.00),
(961, '2001000043', 'Panting', 2.50, 'yrd', 335.00, 628.00, 1, '0', 0.00),
(962, '2001000044', 'Panting', 2.50, 'yrd', 360.00, 588.00, 1, '0', 0.00),
(963, '2001000045', 'Panting', 3.75, 'yrd', 370.00, 636.00, 1, '0', 0.00),
(964, '2001000046', 'Panting', 2.50, 'yrd', 370.00, 556.00, 1, '0', 0.00),
(965, '2001000047', 'Panting', 5.00, 'yrd', 365.00, 628.00, 1, '0', 0.00),
(966, '2001000048', 'Panting', 3.75, 'yrd', 375.00, 660.00, 1, '0', 0.00),
(967, '2001000049', 'Panting', 5.00, 'yrd', 375.00, 748.00, 1, '0', 0.00),
(968, '2001000050', 'Panting', 4.00, 'yrd', 547.00, 788.00, 1, '0', 0.00),
(969, '2001000051', 'Panting', 3.75, 'yrd', 375.00, 500.00, 1, '0', 0.00),
(970, '2001000052', 'Panting', 6.25, 'yrd', 365.00, 628.00, 1, '0', 0.00),
(971, '2001000053', 'Panting', 3.75, 'yrd', 375.00, 628.00, 1, '0', 0.00),
(972, '2001000054', 'Panting', 5.00, 'yrd', 340.00, 556.00, 1, '0', 0.00),
(973, '2001000055', 'Panting', 5.00, 'yrd', 355.00, 1028.00, 1, '0', 0.00),
(974, '2001000056', 'Panting', 7.50, 'yrd', 375.00, 516.00, 1, '0', 0.00),
(975, '2001000057', 'Panting', 5.00, 'yrd', 375.00, 516.00, 1, '0', 0.00),
(976, '2001000058', 'Panting', 6.50, 'yrd', 375.00, 516.00, 1, '0', 0.00),
(977, '2001000059', 'Panting', 5.00, 'yrd', 375.00, 516.00, 1, '0', 0.00),
(978, '2001000060', 'Panting', 6.25, 'yrd', 375.00, 516.00, 1, '0', 0.00),
(979, '2001000061', 'Panting', 3.75, 'yrd', 375.00, 516.00, 1, '0', 0.00),
(980, '2001000062', 'Panting', 6.25, 'yrd', 375.00, 516.00, 1, '0', 0.00),
(981, '2001000063', 'Shuting', 5.25, 'yrd', 335.00, 961.54, 1, '0', 0.00),
(982, '2001000064', 'Shuting', 6.50, 'yrd', 550.00, 1500.00, 1, '0', 0.00),
(983, '2001000065', 'Shuting', 8.50, 'yrd', 335.00, 918.46, 1, '0', 0.00),
(984, '2001000066', 'Shuting', 12.75, 'yrd', 425.00, 1195.38, 1, '0', 0.00),
(985, '2001000067', 'Shuting', 4.50, 'yrd', 470.00, 1318.46, 1, '0', 0.00),
(986, '2001000068', 'Shuting', 5.50, 'yrd', 425.00, 1195.38, 1, '0', 0.00),
(987, '1001000014', 'Shirting', 5.50, 'yrd', 390.00, 728.57, 1, '0', 0.00),
(988, '1001000015', 'Shirting', 7.50, 'yrd', 470.00, 642.86, 1, '0', 0.00),
(989, '1001000016', 'Shirting', 5.25, 'yrd', 430.00, 671.43, 1, '0', 0.00),
(990, '1001000017', 'Shirting', 5.25, 'yrd', 390.00, 728.57, 1, '0', 0.00),
(991, '1001000018', 'Shirting', 5.25, 'yrd', 340.00, 814.28, 1, '0', 0.00),
(992, '1001000019', 'Shirting', 0.00, 'yrd', 380.00, 825.71, 1, '0', 0.00),
(993, '1001000020', 'Shirting', 0.00, 'yrd', 380.00, 700.00, 1, '0', 0.00),
(994, '1001000021', 'Shirting', 0.00, 'yrd', 380.00, 700.00, 1, '0', 0.00),
(995, '1001000022', 'Shirting', 0.00, 'yrd', 380.00, 814.28, 1, '0', 0.00),
(996, '1001000023', 'Shirting', 8.75, 'yrd', 380.00, 825.71, 1, '0', 0.00),
(997, '1001000024', 'Shirting', 6.75, 'yrd', 380.00, 785.71, 1, '0', 0.00),
(998, '1001000025', 'Shirting', 0.00, 'yrd', 380.00, 700.00, 1, '0', 0.00),
(999, '1001000026', 'Shirting', 8.75, 'yrd', 480.00, 934.28, 1, '0', 0.00),
(1000, '1001000027', 'Shirting', 8.75, 'yrd', 480.00, 934.28, 1, '0', 0.00),
(1001, '1001000028', 'Shirting', 8.75, 'yrd', 480.00, 848.57, 1, '0', 0.00),
(1002, '1001000029', 'Shirting', 8.50, 'yrd', 480.00, 848.57, 1, '0', 0.00),
(1003, '1001000030', 'Shirting', 8.50, 'yrd', 480.00, 905.71, 1, '0', 0.00),
(1004, '1001000031', 'Shirting', 8.75, 'yrd', 480.00, 940.00, 1, '0', 0.00),
(1005, '1001000032', 'Shirting', 8.50, 'yrd', 480.00, 940.00, 1, '0', 0.00),
(1006, '1001000033', 'Shirting', 0.00, 'yrd', 480.00, 705.71, 1, '0', 0.00),
(1007, '1001000034', 'Shirting', 9.00, 'yrd', 480.00, 705.71, 1, '0', 0.00),
(1008, '1001000035', 'Shirting', 0.00, 'yrd', 480.00, 722.86, 1, '0', 0.00),
(1009, '1001000036', 'Shirting', 0.00, 'yrd', 450.00, 734.28, 1, '0', 0.00),
(1010, '1001000037', 'Shirting', 0.00, 'yrd', 380.00, 774.28, 1, '0', 0.00),
(1011, '1001000038', 'Shirting', 0.00, 'yrd', 380.00, 642.86, 1, '0', 0.00),
(1012, '1001000039', 'Shirting', 0.00, 'yrd', 380.00, 677.14, 1, '0', 0.00),
(1013, '1001000040', 'Shirting', 0.00, 'yrd', 380.00, 562.86, 1, '0', 0.00),
(1014, '1001000041', 'Shirting', 8.75, 'yrd', 340.00, 511.43, 1, '0', 0.00),
(1015, '1001000042', 'Shirting', 7.00, 'yrd', 340.00, 757.14, 1, '0', 0.00),
(1016, '1001000043', 'Shirting', 8.75, 'yrd', 380.00, 780.00, 1, '0', 0.00),
(1017, '1001000044', 'Shirting', 0.00, 'yrd', 380.00, 654.28, 1, '0', 0.00),
(1018, '1001000045', 'Shirting', 0.00, 'yrd', 380.00, 654.28, 1, '0', 0.00),
(1019, '1001000046', 'Shirting', 5.75, 'yrd', 220.00, 311.43, 1, '0', 0.00),
(1020, '1001000047', 'Shirting', 5.25, 'yrd', 160.00, 465.71, 1, '0', 0.00),
(1021, '1001000048', 'Shirting', 6.75, 'yrd', 65.00, 215.56, 1, '0', 0.00),
(1022, '1001000049', 'Shirting', 6.75, 'yrd', 65.00, 215.56, 1, '0', 0.00),
(1023, '1001000050', 'Shirting', 6.75, 'yrd', 65.00, 215.56, 1, '0', 0.00),
(1024, '1001000051', 'Shirting / Panjabi', 13.25, 'yrd', 340.00, 485.00, 1, '0', 0.00),
(1025, '1001000052', 'Shirting / Panjabi', 8.75, 'yrd', 340.00, 485.00, 1, '0', 0.00),
(1026, '1001000053', 'Shirting / Panjabi', 8.50, 'yrd', 340.00, 485.00, 1, '0', 0.00),
(1027, '1001000054', 'Shirting / Panjabi', 11.50, 'yrd', 340.00, 485.00, 1, '0', 0.00),
(1028, '1001000055', 'Shirting / Panjabi', 8.75, 'yrd', 340.00, 485.00, 1, '0', 0.00),
(1029, '1001000056', 'Shirting / Panjabi', 8.50, 'yrd', 340.00, 485.00, 1, '0', 0.00),
(1030, '2001000039', 'Suiting', 4.25, 'yrd', 240.00, 2426.15, 1, '0', 0.00),
(1031, '2001000069', 'Suiting', 3.50, 'yrd', 1401.00, 5300.00, 1, '0', 0.00),
(1032, '2001000070', 'Suiting', 3.50, 'yrd', 1401.00, 5300.00, 1, '0', 0.00),
(1033, '2001000071', 'Suiting', 3.50, 'yrd', 1401.00, 3823.08, 1, '0', 0.00),
(1034, '2001000072', 'Suiting', 6.50, 'yrd', 355.00, 1373.85, 1, '0', 0.00),
(1035, '2001000073', 'Suiting', 3.50, 'yrd', 1401.00, 2961.54, 1, '0', 0.00),
(1036, '2001000074', 'Suiting', 3.25, 'yrd', 335.00, 1487.69, 1, '0', 0.00),
(1037, '2001000075', 'Suiting', 3.50, 'yrd', 312.00, 1615.38, 1, '0', 0.00),
(1038, '2001000076', 'Suiting', 3.25, 'yrd', 380.00, 1293.85, 1, '0', 0.00),
(1039, '2001000077', 'Suiting', 7.50, 'yrd', 450.00, 860.00, 1, '0', 0.00),
(1040, '2001000078', 'Suiting', 4.00, 'yrd', 352.00, 1023.08, 1, '0', 0.00),
(1041, '2001000079', 'Suiting', 6.25, 'yrd', 250.00, 749.23, 1, '0', 0.00),
(1042, '2001000080', 'Suiting', 4.00, 'yrd', 325.00, 937.50, 1, '0', 0.00),
(1043, '2001000081', 'Suiting', 4.00, 'yrd', 325.00, 937.50, 1, '0', 0.00),
(1044, '2001000082', 'Suiting', 4.00, 'yrd', 325.00, 937.50, 1, '0', 0.00),
(1045, '2001000083', 'Suiting', 4.50, 'yrd', 550.00, 1318.46, 1, '0', 0.00),
(1046, '2001000084', 'Panting', 10.50, 'yrd', 265.00, 524.00, 1, '0', 0.00),
(1047, '2001000085', 'Suiting', 6.75, 'yrd', 355.00, 983.08, 1, '0', 0.00),
(1048, '2001000086', 'Panting', 5.75, 'yrd', 250.00, 500.00, 1, '0', 0.00),
(1049, '2001000087', 'Panting', 5.25, 'yrd', 355.00, 628.00, 1, '0', 0.00),
(1050, '2001000088', 'Panting', 5.25, 'yrd', 375.00, 700.00, 1, '0', 0.00),
(1051, '2001000089', 'Panting', 5.25, 'yrd', 285.00, 468.00, 1, '0', 0.00),
(1052, '2001000090', 'Panting', 4.25, 'yrd', 325.00, 668.00, 1, '0', 0.00),
(1053, '2001000091', 'Panting', 7.25, 'yrd', 330.00, 628.00, 1, '0', 0.00),
(1054, '2001000092', 'Panting', 2.25, 'yrd', 435.00, 772.00, 1, '0', 0.00),
(1055, '2001000093', 'Panting', 3.25, 'yrd', 330.00, 668.00, 1, '0', 0.00),
(1056, '1001000057', 'Shirting', 9.50, 'yrd', 245.00, 437.14, 1, '0', 0.00),
(1057, '1001000058', 'Shirting', 5.00, 'yrd', 220.00, 357.14, 1, '0', 0.00),
(1058, '1001000059', 'Shirting', 8.00, 'yrd', 280.00, 477.14, 1, '0', 0.00),
(1059, '1001000060', 'Shirting', 16.00, 'yrd', 280.00, 477.14, 1, '0', 0.00),
(1060, '1001000061', 'Shirting', 8.25, 'yrd', 285.00, 562.86, 1, '0', 0.00),
(1061, '1001000062', 'Shirting', 7.00, 'yrd', 220.00, 391.43, 1, '0', 0.00),
(1062, '1001000063', 'Shirting', 7.00, 'yrd', 220.00, 448.57, 1, '0', 0.00),
(1063, '1001000064', 'Shirting', 7.00, 'yrd', 220.00, 362.86, 1, '0', 0.00),
(1064, '1001000065', 'Shirting', 7.00, 'yrd', 220.00, 414.29, 1, '0', 0.00),
(1065, '2001000094', 'Panting', 6.00, 'yrd', 550.00, 1196.00, 1, '0', 0.00),
(1066, '2001000095', 'Panting', 12.00, 'yrd', 550.00, 868.00, 1, '0', 0.00),
(1067, '2001000096', 'Panting', 7.00, 'yrd', 550.00, 1196.00, 1, '0', 0.00),
(1068, '2001000097', 'Panting', 15.00, 'yrd', 345.00, 796.00, 1, '0', 0.00),
(1069, '2001000098', 'Suiting', 10.25, 'yrd', 345.00, 1629.23, 1, '0', 0.00),
(1070, '2001000099', 'Suiting', 9.00, 'yrd', 295.00, 1115.38, 1, '0', 0.00),
(1071, '2001000100', 'Panting', 12.25, 'yrd', 285.00, 596.00, 1, '0', 0.00),
(1072, '2001000101', 'Panting', 36.75, 'yrd', 434.00, 764.00, 1, '0', 0.00),
(1073, '2001000102', 'Panting', 5.00, 'yrd', 470.00, 1076.00, 1, '0', 0.00),
(1074, '200100103', 'Panting', 5.50, 'yrd', 325.00, 708.00, 1, '0', 0.00),
(1075, '2001000104', 'Panting', 8.75, 'yrd', 375.00, 516.00, 1, '0', 0.00),
(1076, '2001000105', 'Suiting', 5.25, 'yrd', 300.00, 1198.46, 1, '0', 0.00),
(1077, '2001000106', 'Panting', 4.25, 'yrd', 345.00, 796.00, 1, '0', 0.00),
(1078, '2001000107', 'Suiting', 11.00, 'yrd', 550.00, 1084.62, 1, '0', 0.00),
(1079, '2001000108', 'Panting', 16.00, 'yrd', 335.00, 716.00, 1, '0', 0.00),
(1080, '2001000109', 'Panting', 6.50, 'yrd', 370.00, 780.00, 1, '0', 0.00),
(1081, '2001000110', 'Panting', 10.00, 'yrd', 295.00, 628.00, 1, '0', 0.00),
(1082, '2001000111', 'Suiting', 10.50, 'yrd', 470.00, 1401.54, 1, '0', 0.00),
(1083, '2001000112', 'Panting', 4.00, 'yrd', 370.00, 708.00, 1, '0', 0.00),
(1084, '2001000113', 'Panting', 13.00, 'yrd', 370.00, 500.00, 1, '0', 0.00),
(1085, '2001000114', 'Panting', 3.75, 'yrd', 320.00, 796.00, 1, '0', 0.00),
(1086, '2001000115', 'Panting', 5.00, 'yrd', 375.00, 516.00, 1, '0', 0.00),
(1087, '2001000116', 'Panting', 5.50, 'yrd', 285.00, 596.00, 1, '0', 0.00),
(1088, '2001000117', 'Panting', 7.00, 'yrd', 285.00, 596.00, 1, '0', 0.00),
(1089, '2001000118', 'Panting', 7.50, 'yrd', 285.00, 596.00, 1, '0', 0.00),
(1090, '2001000119', 'Panting', 5.00, 'yrd', 375.00, 516.00, 1, '0', 0.00),
(1091, '2001000120', 'Panting', 4.00, 'yrd', 320.00, 796.00, 1, '0', 0.00),
(1092, '2001000121', 'Panting', 4.00, 'yrd', 375.00, 516.00, 1, '0', 0.00),
(1093, '2001000122', 'Panting', 6.50, 'yrd', 375.00, 516.00, 1, '0', 0.00),
(1094, '2001000123', 'Panting', 7.25, 'yrd', 434.00, 764.00, 1, '0', 0.00),
(1095, '2001000124', 'Suiting', 5.50, 'yrd', 400.00, 1595.38, 1, '0', 0.00),
(1096, '2001000125', 'Suiting', 6.00, 'yrd', 290.00, 1112.31, 1, '0', 0.00),
(1097, '2001000126', 'Panting', 6.75, 'yrd', 475.00, 4583.08, 1, '0', 0.00),
(1098, '2001000127', 'Panting', 3.75, 'yrd', 165.00, 420.00, 1, '0', 0.00),
(1099, '2001000128', 'Panting', 7.00, 'yrd', 165.00, 380.00, 1, '0', 0.00),
(1100, '2001000129', 'Panting', 4.00, 'yrd', 165.00, 420.00, 1, '0', 0.00),
(1101, '2001000103', 'Panting', 5.50, 'yrd', 325.00, 708.00, 1, '0', 0.00),
(1102, '2001000130', 'Suiting', 7.00, 'yrd', 550.00, 1607.69, 1, '0', 0.00),
(1103, '2001000131', 'Panting', 4.50, 'yrd', 330.00, 980.00, 1, '0', 0.00),
(1104, '2001000132', 'Panting', 5.75, 'yrd', 165.00, 924.00, 1, '0', 0.00),
(1105, '2001000133', 'Suiting', 4.00, 'yrd', 550.00, 1127.69, 1, '0', 0.00),
(1106, '2001000134', 'Panting', 6.50, 'yrd', 345.00, 844.00, 1, '0', 0.00),
(1107, '2001000135', 'Suiting', 5.50, 'yrd', 475.00, 1318.46, 1, '0', 0.00),
(1108, '2001000136', 'Panting', 2.50, 'yrd', 550.00, 1740.00, 1, '0', 0.00),
(1109, '2001000137', 'Panting', 3.50, 'yrd', 434.00, 847.69, 1, '0', 0.00),
(1110, '2001000138', 'Panting', 3.50, 'yrd', 345.00, 924.00, 1, '0', 0.00),
(1111, '2001000139', 'Panting', 2.50, 'yrd', 375.00, 516.00, 1, '0', 0.00),
(1112, '2001000140', 'Panting', 2.50, 'yrd', 380.00, 988.00, 1, '0', 0.00),
(1113, '2001000141', 'Panting', 2.50, 'yrd', 360.00, 748.00, 1, '0', 0.00),
(1114, '2001000142', 'Suiting', 3.25, 'yrd', 330.00, 1053.85, 1, '0', 0.00),
(1115, '2001000143', 'Panting', 5.75, 'yrd', 350.00, 740.00, 1, '0', 0.00),
(1116, '2001000144', 'Suiting', 13.75, 'yrd', 375.00, 1235.38, 1, '0', 0.00),
(1117, '2001000145', 'Panting', 4.25, 'yrd', 345.00, 924.00, 1, '0', 0.00),
(1118, '2001000146', 'Panting', 5.00, 'yrd', 325.00, 844.00, 1, '0', 0.00),
(1119, '2001000147', 'Suiting', 3.50, 'yrd', 336.00, 1038.46, 1, '0', 0.00),
(1120, '2001000148', 'Panting', 6.25, 'yrd', 355.00, 1164.00, 1, '0', 0.00),
(1121, '2001000149', 'Suiting', 3.25, 'yrd', 435.00, 1829.23, 1, '0', 0.00),
(1122, '2001000150', 'Panting', 3.25, 'yrd', 345.00, 924.00, 1, '0', 0.00),
(1123, '2001000151', 'Panting', 12.00, 'yrd', 160.00, 364.00, 1, '0', 0.00),
(1124, '2001000152', 'Panting', 14.50, 'yrd', 160.00, 364.00, 1, '0', 0.00),
(1125, '2001000153', 'Panting', 5.50, 'yrd', 160.00, 420.00, 1, '0', 0.00),
(1126, '2001000154', 'Panting', 2.50, 'yrd', 160.00, 444.00, 1, '0', 0.00),
(1127, '2001000155', 'Panting', 11.00, 'yrd', 160.00, 420.00, 1, '0', 0.00),
(1128, '2001000156', 'Panting', 5.50, 'yrd', 160.00, 364.00, 1, '0', 0.00),
(1129, '2001000157', 'Panting', 2.50, 'yrd', 420.00, 628.00, 1, '0', 0.00),
(1130, '2001000158', 'Panting', 3.75, 'yrd', 350.00, 998.40, 1, '0', 0.00),
(1131, '2001000159', 'Panting', 2.50, 'yrd', 350.00, 844.00, 1, '0', 0.00),
(1132, '2001000160', 'Panting', 2.50, 'yrd', 275.00, 636.00, 1, '0', 0.00),
(1133, '2001000161', 'Panting', 2.50, 'yrd', 250.00, 924.00, 1, '0', 0.00),
(1134, '2001000162', 'Suiting', 7.50, 'yrd', 340.00, 1340.00, 1, '0', 0.00),
(1135, '2001000163', 'Suiting', 7.00, 'yrd', 340.00, 1340.00, 1, '0', 0.00),
(1136, '2001000164', 'Suiting', 4.00, 'yrd', 250.00, 755.38, 1, '0', 0.00),
(1137, '2001000165', 'Suiting', 8.25, 'yrd', 340.00, 1749.23, 1, '0', 0.00),
(1138, '2001000166', 'Suiting', 7.00, 'yrd', 340.00, 1481.54, 1, '0', 0.00),
(1139, '2001000167', 'Suiting', 7.00, 'yrd', 340.00, 2216.92, 1, '0', 0.00),
(1140, '2001000168', 'Suiting', 10.00, 'yrd', 340.00, 1936.92, 1, '0', 0.00),
(1141, '2001000169', 'Suiting', 14.00, 'yrd', 340.00, 1481.54, 1, '0', 0.00),
(1142, '2001000170', 'Suiting', 16.50, 'yrd', 240.00, 3226.15, 1, '0', 0.00),
(1143, '2001000171', 'Suiting', 6.75, 'yrd', 240.00, 3226.15, 1, '0', 0.00),
(1144, '2001000172', 'Panting', 5.00, 'yrd', 355.00, 1036.00, 1, '0', 0.00),
(1145, '2001000173', 'Panting', 8.75, 'yrd', 240.00, 508.00, 1, '0', 0.00),
(1146, '2001000174', 'Panting', 4.00, 'yrd', 370.00, 820.00, 1, '0', 0.00),
(1147, '2001000175', 'Panting', 4.25, 'yrd', 330.00, 1228.00, 1, '0', 0.00),
(1148, '2001000176', 'Panting', 6.00, 'yrd', 240.00, 1996.00, 1, '0', 0.00),
(1149, '2001000177', 'Suiting', 3.50, 'yrd', 330.00, 1247.69, 1, '0', 0.00),
(1150, '2001000178', 'Panting', 5.50, 'yrd', 345.00, 788.00, 1, '0', 0.00),
(1151, '2001000179', 'Panting', 3.00, 'yrd', 434.00, 900.00, 1, '0', 0.00),
(1152, '2001000180', 'Panting', 2.00, 'yrd', 475.00, 1308.00, 1, '0', 0.00),
(1153, '2001000181', 'Panting', 6.00, 'yrd', 550.00, 820.00, 1, '0', 0.00),
(1154, '2001000182', 'Panting', 10.50, 'yrd', 320.00, 988.00, 1, '0', 0.00),
(1155, '2001000183', 'Panting', 6.00, 'yrd', 330.00, 980.00, 1, '0', 0.00),
(1156, '2001000184', 'Panting', 6.75, 'yrd', 370.00, 708.00, 1, '0', 0.00),
(1157, '2001000185', 'Panting', 3075.00, 'yrd', 434.00, 988.00, 1, '0', 0.00),
(1158, '2001000186', 'Suiting', 3.50, 'yrd', 345.00, 887.69, 1, '0', 0.00),
(1159, '2001000187', 'Panting', 4.25, 'yrd', 320.00, 420.00, 1, '0', 0.00),
(1160, '2001000188', 'Panting', 3.25, 'yrd', 180.00, 420.00, 1, '0', 0.00),
(1161, '2001000189', 'Panting', 1.75, 'yrd', 180.00, 420.00, 1, '0', 0.00),
(1162, '2001000190', 'Panting', 1.75, 'yrd', 180.00, 420.00, 1, '0', 0.00),
(1163, '2001000191', 'Panting', 5.50, 'yrd', 180.00, 420.00, 1, '0', 0.00),
(1164, '2001000192', 'Suiting', 3.75, 'yrd', 370.00, 1309.23, 1, '0', 0.00),
(1165, '2001000193', 'Panting', 6.50, 'yrd', 470.00, 748.00, 1, '0', 0.00),
(1166, '2001000194', 'Suiting', 7.00, 'yrd', 320.00, 1118.46, 1, '0', 0.00),
(1167, '2001000195', 'Panting', 7.75, 'yrd', 365.00, 628.00, 1, '0', 0.00),
(1168, '2001000196', 'Panting', 3.75, 'yrd', 300.00, 580.00, 1, '0', 0.00),
(1169, '2001000197', 'Panting', 2.00, 'yrd', 240.00, 1516.00, 1, '0', 0.00),
(1170, '2001000198', 'Panting', 2.50, 'yrd', 365.00, 1164.00, 1, '0', 0.00),
(1171, '2001000199', 'Panting', 5.25, 'yrd', 345.00, 588.00, 1, '0', 0.00),
(1172, '2001000200', 'Panting', 2.50, 'yrd', 320.00, 788.00, 1, '0', 0.00),
(1173, '2001000201', 'Panting', 2.00, 'yrd', 350.00, 1276.00, 1, '0', 0.00),
(1174, '2001000202', 'Panting', 2.50, 'yrd', 320.00, 1004.00, 1, '0', 0.00),
(1175, '2001000203', 'Panting', 2.00, 'yrd', 355.00, 844.00, 1, '0', 0.00),
(1176, '2001000204', 'Panting', 1.75, 'yrd', 375.00, 676.00, 1, '0', 0.00),
(1177, '2001000205', 'Panting', 2.00, 'yrd', 550.00, 1188.00, 1, '0', 0.00),
(1178, '2001000206', 'Panting', 2.00, 'yrd', 320.00, 844.00, 1, '0', 0.00),
(1179, '2001000207', 'Panting', 2.00, 'yrd', 350.00, 1084.00, 1, '0', 0.00),
(1180, '2001000208', 'Panting', 3.00, 'yrd', 320.00, 748.00, 1, '0', 0.00),
(1181, '2001000209', 'Panting', 2.00, 'yrd', 320.00, 796.00, 1, '0', 0.00),
(1182, '2001000210', 'Panting', 2.00, 'yrd', 300.00, 876.00, 1, '0', 0.00),
(1183, '2001000211', 'Panting', 2.50, 'yrd', 350.00, 1196.00, 1, '0', 0.00),
(1184, '2001000212', 'Panting', 2.00, 'yrd', 350.00, 1196.00, 1, '0', 0.00),
(1185, '2001000213', 'Panting', 2.00, 'yrd', 350.00, 1188.00, 1, '0', 0.00),
(1186, '2001000214', 'Panting', 2.50, 'yrd', 550.00, 1188.00, 1, '0', 0.00),
(1187, '2001000215', 'Panting', 2.00, 'yrd', 350.00, 1164.00, 1, '0', 0.00),
(1188, '2001000216', 'Panting', 2.50, 'yrd', 350.00, 1380.00, 1, '0', 0.00),
(1189, '2001000217', 'Panting', 2.50, 'yrd', 550.00, 1148.00, 1, '0', 0.00),
(1190, '2001000218', 'Panting', 2.00, 'yrd', 350.00, 1380.00, 1, '0', 0.00),
(1191, '2001000219', 'Panting', 2.50, 'yrd', 350.00, 988.00, 1, '0', 0.00),
(1192, '2001000220', 'Panting', 1.50, 'yrd', 350.00, 996.00, 1, '0', 0.00),
(1193, '2001000221', 'Panting', 1.25, 'yrd', 260.00, 420.00, 1, '0', 0.00),
(1194, '2001000222', 'Panting', 1.25, 'yrd', 360.00, 844.00, 1, '0', 0.00),
(1195, '2001000223', 'Panting', 1.25, 'yrd', 320.00, 844.00, 1, '0', 0.00),
(1196, '2001000224', 'Panting', 1.25, 'yrd', 355.00, 844.00, 1, '0', 0.00),
(1197, '2001000225', 'Panting', 1.25, 'yrd', 350.00, 1148.00, 1, '0', 0.00),
(1198, '2001000226', 'Panting', 1.25, 'yrd', 350.00, 1084.00, 1, '0', 0.00),
(1199, '2001000227', 'Panting', 1.25, 'yrd', 350.00, 580.00, 1, '0', 0.00),
(1200, '2001000228', 'Panting', 1.25, 'yrd', 350.00, 548.00, 1, '0', 0.00),
(1201, '2001000229', 'Suiting', 3.25, 'yrd', 435.00, 1829.23, 1, '0', 0.00),
(1202, '2001000230', 'Suiting', 3.25, 'yrd', 550.00, 1484.62, 1, '0', 0.00),
(1203, '2001000231', 'Panting', 11.75, 'yrd', 350.00, 788.00, 1, '0', 0.00),
(1204, '2001000232', 'Panting', 2.50, 'yrd', 480.00, 1164.00, 1, '0', 0.00),
(1205, '2001000233', 'Suiting', 3.25, 'yrd', 350.00, 903.08, 1, '0', 0.00),
(1206, '2001000234', 'Suiting', 3.25, 'yrd', 350.00, 878.46, 1, '0', 0.00),
(1207, '2001000235', 'Panting', 2.50, 'yrd', 450.00, 1140.00, 1, '0', 0.00),
(1208, '2001000236', 'Suiting', 3.25, 'yrd', 295.00, 998.46, 1, '0', 0.00),
(1209, '2001000237', 'Suiting', 3.50, 'yrd', 425.00, 1195.38, 1, '0', 0.00),
(1210, '2001000238', 'Panting', 9.00, 'yrd', 350.00, 740.00, 1, '0', 0.00),
(1211, '2001000239', 'Panting', 2.25, 'yrd', 160.00, 500.00, 1, '0', 0.00),
(1212, '2001000240', 'Suiting', 3.25, 'yrd', 385.00, 1053.85, 1, '0', 0.00),
(1213, '2001000241', 'Panting', 11.25, 'yrd', 160.00, 420.00, 1, '0', 0.00),
(1214, '2001000242', 'Panting', 5.50, 'yrd', 250.00, 924.00, 1, '0', 0.00),
(1215, '2001000243', 'Panting', 5.50, 'yrd', 250.00, 924.00, 1, '0', 0.00),
(1216, '2001000244', 'Panting', 5.50, 'yrd', 250.00, 924.00, 1, '0', 0.00),
(1217, '2001000245', 'Suiting', 3.25, 'yrd', 410.00, 1293.85, 1, '0', 0.00),
(1218, '2001000246', 'Suiting', 3.25, 'yrd', 320.00, 2078.46, 1, '0', 0.00),
(1219, '2001000247', 'Suiting', 3.25, 'yrd', 1401.00, 2961.54, 1, '0', 0.00),
(1220, '2001000248', 'Suiting', 3.50, 'yrd', 1401.00, 3155.38, 1, '0', 0.00),
(1221, '2001000249', 'Suiting', 3.50, 'yrd', 312.00, 1241.54, 1, '0', 0.00),
(1222, '2001000250', 'Panting', 1.50, 'yrd', 350.00, 844.00, 1, '0', 0.00),
(1223, '2001000251', 'Panting', 1.25, 'yrd', 350.00, 684.00, 1, '0', 0.00),
(1224, '2001000252', 'Panting', 1.25, 'yrd', 350.00, 588.00, 1, '0', 0.00),
(1225, '2001000253', 'Panting', 1.25, 'yrd', 285.00, 596.00, 1, '0', 0.00),
(1226, '2001000254', 'Panting', 1.50, 'yrd', 345.00, 996.00, 1, '0', 0.00),
(1227, '2001000255', 'Panting', 1.25, 'yrd', 350.00, 684.00, 1, '0', 0.00),
(1228, '2001000256', 'Panting', 1.25, 'yrd', 350.00, 900.00, 1, '0', 0.00),
(1229, '2001000257', 'Panting', 1.25, 'yrd', 350.00, 956.00, 1, '0', 0.00),
(1230, '2001000258', 'Panting', 2.00, 'yrd', 350.00, 740.00, 1, '0', 0.00),
(1231, '2001000259', 'Panting', 1.25, 'yrd', 160.00, 420.00, 1, '0', 0.00),
(1232, '2001000260', 'Panting', 350.00, 'yrd', 350.00, 844.00, 1, '0', 0.00),
(1233, '2001000261', 'Panting', 2.50, 'yrd', 320.00, 588.00, 1, '0', 0.00),
(1234, '2001000262', 'Panting', 2.00, 'yrd', 350.00, 980.00, 1, '0', 0.00),
(1235, '2001000263', 'Panting', 1.25, 'yrd', 350.00, 844.00, 1, '0', 0.00),
(1236, '2001000264', 'Panting', 1.25, 'yrd', 350.00, 1116.00, 1, '0', 0.00),
(1237, '2001000265', 'Panting', 1.25, 'yrd', 350.00, 524.00, 1, '0', 0.00),
(1238, '2001000266', 'Panting', 1.25, 'yrd', 350.00, 1164.00, 1, '0', 0.00),
(1239, '2001000267', 'Panting', 1.25, 'yrd', 350.00, 588.00, 1, '0', 0.00),
(1240, '2001000268', 'Panting', 1.25, 'yrd', 350.00, 588.00, 1, '0', 0.00),
(1241, '2001000269', 'Panting', 1.25, 'yrd', 350.00, 844.00, 1, '0', 0.00),
(1242, '2001000270', 'Panting', 1.25, 'yrd', 350.00, 844.00, 1, '0', 0.00),
(1243, '2001000271', 'Panting', 2.50, 'yrd', 350.00, 1084.00, 1, '0', 0.00),
(1244, '2001000272', 'Panting', 1.25, 'yrd', 350.00, 524.00, 1, '0', 0.00),
(1245, '2001000273', 'Panting', 1.25, 'yrd', 350.00, 524.00, 1, '0', 0.00),
(1246, '2001000274', 'Panting', 1.25, 'yrd', 350.00, 524.00, 1, '0', 0.00),
(1247, '2001000275', 'Panting', 1.25, 'yrd', 350.00, 524.00, 1, '0', 0.00),
(1248, '2001000276', 'Panting', 1.25, 'yrd', 350.00, 524.00, 1, '0', 0.00),
(1249, '2001000277', 'Panting', 1.25, 'yrd', 350.00, 420.00, 1, '0', 0.00),
(1250, '2001000278', 'Panting', 2.00, 'yrd', 350.00, 524.00, 1, '0', 0.00),
(1251, '2001000279', 'Panting', 2.00, 'yrd', 350.00, 1188.00, 1, '0', 0.00),
(1252, '2001000280', 'Panting', 1.50, 'yrd', 350.00, 844.00, 1, '0', 0.00),
(1253, '2001000281', 'Panting', 5.50, 'yrd', 350.00, 1004.00, 1, '0', 0.00),
(1254, '2001000282', 'suiting', 8.50, 'yrd', 350.00, 1380.00, 1, '0', 0.00),
(1255, '1001000066', 'Shirting', 4.00, 'yrd', 280.00, 700.00, 1, '0', 0.00),
(1256, '1001000067', 'Shirting', 3.50, 'yrd', 280.00, 562.86, 1, '0', 0.00),
(1257, '1001000068', 'Shirting', 2.00, 'yrd', 220.00, 414.29, 1, '0', 0.00),
(1258, '1001000069', 'Shirting', 1.75, 'yrd', 220.00, 414.29, 1, '0', 0.00),
(1259, '1001000070', 'Shirting', 1.75, 'yrd', 390.00, 894.28, 1, '0', 0.00),
(1260, '1001000071', 'Shirting', 4.00, 'yrd', 390.00, 585.71, 1, '0', 0.00),
(1261, '1001000072', 'Shirting', 2.50, 'yrd', 390.00, 682.86, 1, '0', 0.00),
(1262, '1001000073', 'Shirting', 3.75, 'yrd', 390.00, 602.86, 1, '0', 0.00),
(1263, '1001000074', 'Shirting', 4.75, 'yrd', 350.00, 602.86, 1, '0', 0.00),
(1264, '1001000075', 'Shirting', 7.00, 'yrd', 350.00, 602.86, 1, '0', 0.00),
(1265, '1001000076', 'Shirting', 3.50, 'yrd', 220.00, 414.29, 1, '0', 0.00),
(1266, '1001000077', 'Shirting', 1.75, 'yrd', 350.00, 728.57, 1, '0', 0.00),
(1267, '1001000078', 'Shirting', 3.25, 'yrd', 390.00, 820.00, 1, '0', 0.00),
(1268, '1001000079', 'Shirting', 1.75, 'yrd', 390.00, 820.00, 1, '0', 0.00),
(1269, '1001000080', 'Shirting', 1.75, 'yrd', 220.00, 414.29, 1, '0', 0.00),
(1270, '1001000081', 'Shirting', 2.75, 'yrd', 220.00, 414.29, 1, '0', 0.00),
(1271, '1001000082', 'Shirting', 3.50, 'yrd', 220.00, 414.29, 1, '0', 0.00),
(1272, '1001000083', 'Shirting', 1.75, 'yrd', 220.00, 414.29, 1, '0', 0.00),
(1273, '1001000084', 'Shirting', 6.75, 'yrd', 330.00, 602.86, 1, '0', 0.00),
(1274, '1001000085', 'Shirting', 4.00, 'yrd', 330.00, 602.86, 1, '0', 0.00),
(1275, '1001000086', 'Shirting', 1.75, 'yrd', 330.00, 602.86, 1, '0', 0.00),
(1276, '1001000087', 'Shirting', 1.75, 'yrd', 330.00, 602.86, 1, '0', 0.00),
(1277, '1001000088', 'Shirting', 3.50, 'yrd', 330.00, 602.86, 1, '0', 0.00),
(1278, '1001000089', 'Shirting', 1.75, 'yrd', 330.00, 602.86, 1, '0', 0.00),
(1279, '1001000090', 'Shirting', 1.75, 'yrd', 330.00, 602.86, 1, '0', 0.00),
(1280, '1001000091', 'Shirting', 5.25, 'yrd', 330.00, 602.86, 1, '0', 0.00),
(1281, '1001000092', 'Shirting', 1.75, 'yrd', 330.00, 602.86, 1, '0', 0.00),
(1282, '1001000093', 'Shirting', 1.75, 'yrd', 310.00, 488.57, 1, '0', 0.00),
(1283, '1001000094', 'Shirting', 1.75, 'yrd', 310.00, 488.57, 1, '0', 0.00),
(1284, '1001000095', 'Shirting', 1.75, 'yrd', 310.00, 488.57, 1, '0', 0.00),
(1285, '1001000096', 'Shirting', 1.75, 'yrd', 310.00, 488.57, 1, '0', 0.00),
(1286, '1001000097', 'Shirting', 1.75, 'yrd', 310.00, 488.57, 1, '0', 0.00),
(1287, '1001000098', 'Shirting', 2.75, 'yrd', 390.00, 591.43, 1, '0', 0.00),
(1288, '1001000099', 'Shirting', 1.75, 'yrd', 390.00, 591.43, 1, '0', 0.00),
(1289, '1001000100', 'Shirting', 3.75, 'yrd', 390.00, 591.43, 1, '0', 0.00),
(1290, '1001000101', 'Shirting', 1.75, 'yrd', 390.00, 591.43, 1, '0', 0.00),
(1291, '1001000102', 'Shirting', 3.75, 'yrd', 390.00, 591.43, 1, '0', 0.00),
(1292, '1001000103', 'Shirting', 1.75, 'yrd', 390.00, 591.43, 1, '0', 0.00),
(1293, '1001000104', 'Shirting', 1.75, 'yrd', 390.00, 591.43, 1, '0', 0.00),
(1294, '1001000105', 'Shirting', 1.75, 'yrd', 390.00, 591.43, 1, '0', 0.00),
(1295, '1001000106', 'Shirting', 1.75, 'yrd', 390.00, 591.43, 1, '0', 0.00),
(1296, '1001000107', 'Shirting', 3.75, 'yrd', 320.00, 557.14, 1, '0', 0.00),
(1297, '1001000108', 'Shirting', 1.75, 'yrd', 320.00, 557.14, 1, '0', 0.00),
(1298, '1001000109', 'Shirting', 1.75, 'yrd', 320.00, 557.14, 1, '0', 0.00),
(1299, '1001000110', 'Shirting', 1.75, 'yrd', 320.00, 557.14, 1, '0', 0.00),
(1300, '1001000111', 'Shirting', 1.75, 'yrd', 320.00, 557.14, 1, '0', 0.00),
(1301, '1001000112', 'Shirting', 1.75, 'yrd', 320.00, 557.14, 1, '0', 0.00),
(1302, '1001000113', 'Shirting', 5.25, 'yrd', 320.00, 557.14, 1, '0', 0.00),
(1303, '1001000114', 'Shirting', 1.50, 'yrd', 320.00, 557.14, 1, '0', 0.00),
(1304, '1001000115', 'Shirting', 1.75, 'yrd', 320.00, 557.14, 1, '0', 0.00),
(1305, '1001000116', 'Shirting', 5.50, 'yrd', 320.00, 557.14, 1, '0', 0.00),
(1306, '1001000117', 'Shirting', 1.75, 'yrd', 390.00, 700.00, 1, '0', 0.00),
(1307, '1001000118', 'Shirting', 1.75, 'yrd', 390.00, 700.00, 1, '0', 0.00);

-- --------------------------------------------------------

--
-- Table structure for table `ospos_fabrics_transfer`
--

CREATE TABLE `ospos_fabrics_transfer` (
  `trans_id` int(11) NOT NULL,
  `from_branch_id` int(11) NOT NULL,
  `to_branch_id` int(11) NOT NULL,
  `qty` float(8,2) NOT NULL,
  `fabrics_model` varchar(30) NOT NULL,
  `trans_date` date NOT NULL
) ENGINE=InnoDB DEFAULT CHARSET=utf8;

--
-- Dumping data for table `ospos_fabrics_transfer`
--

INSERT INTO `ospos_fabrics_transfer` (`trans_id`, `from_branch_id`, `to_branch_id`, `qty`, `fabrics_model`, `trans_date`) VALUES
(1, 1, 4, 2.00, '10010001', '2015-06-01'),
(2, 1, 4, 1.75, '10010004', '2015-06-01'),
(3, 1, 4, 1.75, '100100105', '2015-06-01'),
(4, 1, 4, 1.75, '10010004', '2015-06-01'),
(5, 1, 4, 6.75, '100100114', '2015-06-01'),
(6, 1, 4, 16.25, '10010012', '2015-06-01'),
(7, 1, 4, 1.75, '100100123', '2015-06-01'),
(8, 1, 4, 44.75, '100100131', '2015-06-01'),
(9, 1, 4, 27.25, '100100142', '2015-06-01'),
(10, 1, 4, 28.75, '100100148', '2015-06-01'),
(11, 1, 4, 42.50, '100100149', '2015-06-01'),
(12, 1, 4, 16.25, '100100152', '2015-06-01'),
(13, 1, 4, 11.25, '10010016', '2015-06-01'),
(14, 1, 4, 11.25, '10010016', '2015-06-01'),
(15, 1, 4, 50.25, '100100165', '2015-06-01'),
(16, 1, 4, 3.50, '100100168', '2015-06-01'),
(17, 1, 4, 42.50, '100100169', '2015-06-01'),
(18, 1, 4, 24.50, '100100174', '2015-06-01'),
(19, 1, 4, 33.00, '100100175', '2015-06-01'),
(20, 1, 4, 7.25, '100100182', '2015-06-01'),
(21, 1, 4, 6.50, '100100197', '2015-06-01'),
(22, 1, 4, 9.25, '100100202', '2015-06-01'),
(23, 1, 4, 18.25, '10010021', '2015-06-02'),
(24, 1, 4, 14.75, '100100215', '2015-06-02'),
(25, 1, 4, 14.75, '100100215', '2015-06-02'),
(26, 1, 4, 7.00, '100100219', '2015-06-02'),
(27, 1, 4, 14.25, '10010022', '2015-06-02'),
(28, 1, 4, 19.00, '100100220', '2015-06-02'),
(29, 1, 4, 9.50, '100100225', '2015-06-02'),
(30, 1, 4, 21.50, '100100226', '2015-06-02'),
(31, 1, 4, 6.00, '100100227', '2015-06-02'),
(32, 1, 4, 1.75, '100100232', '2015-06-02'),
(33, 1, 4, 3.50, '100100233', '2015-06-02'),
(34, 1, 4, 15.50, '100100234', '2015-06-02'),
(35, 1, 4, 20.00, '100100235', '2015-06-02'),
(36, 1, 4, 20.00, '100100236', '2015-06-02'),
(37, 1, 4, 15.50, '100100237', '2015-06-02'),
(38, 1, 4, 17.75, '100100239', '2015-06-02'),
(39, 1, 4, 20.00, '100100240', '2015-06-02'),
(40, 1, 4, 17.75, '100100242', '2015-06-02'),
(41, 1, 4, 17.75, '100100243', '2015-06-02'),
(42, 1, 4, 15.50, '100100244', '2015-06-02'),
(43, 1, 4, 20.00, '100100245', '2015-06-02'),
(44, 1, 4, 10.75, '100100246', '2015-06-02'),
(45, 1, 4, 20.00, '100100248', '2015-06-02'),
(46, 1, 4, 17.75, '100100249', '2015-06-02'),
(47, 1, 4, 6.50, '10010025', '2015-06-02'),
(48, 1, 4, 20.00, '100100250', '2015-06-02'),
(49, 1, 4, 20.00, '100100252', '2015-06-02'),
(50, 1, 4, 20.00, '100100253', '2015-06-02'),
(51, 1, 4, 20.00, '100100254', '2015-06-02'),
(52, 1, 4, 22.00, '100100255', '2015-06-02'),
(53, 1, 4, 17.75, '100100256', '2015-06-02'),
(54, 1, 4, 9.50, '100100257', '2015-06-02'),
(55, 1, 4, 20.25, '100100260', '2015-06-02'),
(56, 1, 4, 4.75, '100100265', '2015-06-02'),
(57, 1, 4, 8.25, '100100271', '2015-06-02'),
(58, 1, 4, 7.75, '100100276', '2015-06-02'),
(59, 1, 4, 1.00, '100100277', '2015-06-02'),
(60, 1, 4, 8.25, '100100278', '2015-06-02'),
(61, 1, 4, 3.75, '100100280', '2015-06-02'),
(62, 1, 4, 8.00, '100100282', '2015-06-02'),
(63, 1, 4, 2.50, '100100285', '2015-06-02'),
(64, 1, 4, 9.25, '10010030', '2015-06-02'),
(65, 1, 4, 1.75, '100100303`', '2015-06-02'),
(66, 1, 4, 3.75, '100100305', '2015-06-02'),
(67, 1, 4, 3.50, '100100314', '2015-06-02'),
(68, 1, 4, 11.25, '100100325', '2015-06-02'),
(69, 1, 4, 6.25, '100100327', '2015-06-02'),
(70, 1, 4, 42.75, '100100328', '2015-06-02'),
(71, 1, 4, 15.50, '10010033', '2015-06-02'),
(72, 1, 4, 22.50, '100100331', '2015-06-02'),
(73, 1, 4, 17.25, '100100333', '2015-06-02'),
(74, 1, 4, 43.50, '100100334', '2015-06-02'),
(75, 1, 4, 3.50, '100100338', '2015-06-02'),
(76, 1, 4, 36.00, '100100339', '2015-06-02'),
(77, 1, 4, 9.00, '100100341', '2015-06-02'),
(78, 1, 4, 20.25, '100100343', '2015-06-02'),
(79, 1, 4, 22.50, '100100349', '2015-06-02'),
(80, 1, 4, 21.25, '100100357', '2015-06-02'),
(81, 1, 4, 44.25, '100100359', '2015-06-02'),
(82, 1, 4, 3.50, '100100364', '2015-06-02'),
(83, 1, 4, 22.50, '100100369', '2015-06-02'),
(84, 1, 4, 1.75, '100100380', '2015-06-02'),
(85, 1, 4, 3.75, '100100381', '2015-06-02'),
(86, 1, 4, 3.50, '100100385', '2015-06-02'),
(87, 1, 4, 4.25, '100100392', '2015-06-02'),
(88, 1, 4, 4.00, '100100393', '2015-06-02'),
(89, 1, 4, 3.50, '100100395', '2015-06-02'),
(90, 1, 4, 3.50, '100100399', '2015-06-02'),
(91, 1, 4, 3.50, '100100408', '2015-06-02'),
(92, 1, 4, 18.00, '10010041', '2015-06-02'),
(93, 1, 4, 3.75, '100100411', '2015-06-02'),
(94, 1, 4, 3.50, '100100412', '2015-06-02'),
(95, 1, 4, 3.50, '100100413', '2015-06-02'),
(96, 1, 4, 9.00, '100100420', '2015-06-02'),
(97, 1, 4, 10.25, '100100429', '2015-06-02'),
(98, 1, 4, 6.75, '100100432', '2015-06-02'),
(99, 1, 4, 1.75, '100100436', '2015-06-02'),
(100, 1, 4, 1.00, '100100438', '2015-06-02'),
(101, 1, 4, 2.00, '100100439', '2015-06-02'),
(102, 1, 4, 3.50, '100100443', '2015-06-02'),
(103, 1, 4, 6.25, '100100448', '2015-06-02'),
(104, 1, 4, 1.75, '10010045', '2015-06-02'),
(105, 1, 4, 13.00, '10010045', '2015-06-02'),
(106, 1, 4, 2.25, '100100457', '2015-06-02'),
(107, 1, 4, 2.50, '100100458', '2015-06-02'),
(108, 1, 4, 8.75, '10010046', '2015-06-02'),
(109, 1, 4, 10.50, '100100466', '2015-06-02'),
(110, 1, 4, 10.50, '100100467', '2015-06-02'),
(111, 1, 4, 2.75, '10010047', '2015-06-02'),
(112, 1, 4, 1.75, '100100473', '2015-06-02'),
(113, 1, 4, 5.00, '100100482', '2015-06-02'),
(114, 1, 4, 30.00, '100100500', '2015-06-02'),
(115, 1, 4, 28.00, '100100501', '2015-06-02'),
(116, 1, 4, 28.00, '100100502', '2015-06-02'),
(117, 1, 4, 24.75, '100100504', '2015-06-02'),
(118, 1, 4, 34.00, '100100505', '2015-06-02'),
(119, 1, 4, 33.00, '100100506', '2015-06-02'),
(120, 1, 4, 33.50, '100100508', '2015-06-02'),
(121, 1, 4, 14.00, '100100509', '2015-06-02'),
(122, 1, 4, 26.50, '100100510', '2015-06-02'),
(123, 1, 4, 34.00, '100100519', '2015-06-02'),
(124, 1, 4, 24.25, '100100522', '2015-06-02'),
(125, 1, 4, 27.50, '100100527', '2015-06-02'),
(126, 1, 4, 1.75, '100100529', '2015-06-02'),
(127, 1, 4, 1.75, '10010053', '2015-06-02'),
(128, 1, 4, 10.25, '100100534', '2015-06-02'),
(129, 1, 4, 2.75, '100100535', '2015-06-02'),
(130, 1, 4, 5.00, '10010054', '2015-06-02'),
(131, 1, 4, 5.00, '100100545', '2015-06-02'),
(132, 1, 4, 5.75, '100100546', '2015-06-02'),
(133, 1, 4, 6.00, '100100555', '2015-06-02'),
(134, 1, 4, 2.25, '100100556', '2015-06-02'),
(135, 1, 4, 1.75, '100100558', '2015-06-02'),
(136, 1, 4, 7.00, '100100574', '2015-06-02'),
(137, 1, 4, 5.25, '10010058', '2015-06-02'),
(138, 1, 4, 1.75, '100100582', '2015-06-02'),
(139, 1, 4, 1.75, '100100588', '2015-06-02'),
(140, 1, 4, 1.75, '100100597', '2015-06-02'),
(141, 1, 4, 13.25, '100100623', '2015-06-02'),
(142, 1, 4, 3.50, '100100635', '2015-06-02'),
(143, 1, 4, 1.75, '100100644', '2015-06-02'),
(144, 1, 4, 19.00, '10010065', '2015-06-02'),
(145, 1, 4, 1.75, '100100663', '2015-06-02'),
(146, 1, 4, 1.75, '100100676', '2015-06-02'),
(147, 1, 4, 1.75, '10010068', '2015-06-02'),
(148, 1, 4, 3.50, '10010069', '2015-06-02'),
(149, 1, 4, 5.75, '100100691', '2015-06-02'),
(150, 1, 4, 10.50, '100100692', '2015-06-02'),
(151, 1, 4, 4.25, '100100694', '2015-06-02'),
(152, 1, 4, 3.00, '100100695', '2015-06-02'),
(153, 1, 4, 5.25, '100100697', '2015-06-02'),
(154, 1, 4, 1.50, '100100698', '2015-06-02'),
(155, 1, 4, 3.25, '100100699', '2015-06-02'),
(156, 1, 4, 6.50, '100100700', '2015-06-02'),
(157, 1, 4, 7.50, '10010071', '2015-06-02'),
(158, 1, 4, 2.25, '100100711', '2015-06-02'),
(159, 1, 4, 5.25, '100100715', '2015-06-02'),
(160, 1, 4, 5.25, '100100717', '2015-06-02'),
(161, 1, 4, 18.00, '100100720', '2015-06-02'),
(162, 1, 4, 14.50, '100100722', '2015-06-02'),
(163, 1, 4, 14.75, '100100723', '2015-06-02'),
(164, 1, 4, 12.50, '100100724', '2015-06-02'),
(165, 1, 4, 14.75, '100100725', '2015-06-02'),
(166, 1, 4, 14.75, '100100726', '2015-06-02'),
(167, 1, 4, 6.75, '100100727', '2015-06-02'),
(168, 1, 4, 5.75, '100100728', '2015-06-02'),
(169, 1, 4, 6.00, '100100729', '2015-06-02'),
(170, 1, 4, 6.50, '100100730', '2015-06-02'),
(171, 1, 4, 14.75, '100100731', '2015-06-02'),
(172, 1, 4, 11.00, '100100732', '2015-06-02'),
(173, 1, 4, 10.25, '100100733', '2015-06-02'),
(174, 1, 4, 1.00, '100100738', '2015-06-02'),
(175, 1, 4, 11.25, '100100740', '2015-06-02'),
(176, 1, 4, 10.25, '100100744', '2015-06-02'),
(177, 1, 4, 2.25, '100100745', '2015-06-02'),
(178, 1, 4, 7.75, '100100746', '2015-06-02'),
(179, 1, 4, 5.25, '100100747', '2015-06-02'),
(180, 1, 4, 1.75, '100100748', '2015-06-02'),
(181, 1, 4, 5.75, '100100751', '2015-06-02'),
(182, 1, 4, 9.00, '100100755', '2015-06-02'),
(183, 1, 4, 5.50, '100100756', '2015-06-02'),
(184, 1, 4, 6.00, '10010076', '2015-06-02'),
(185, 1, 4, 1.75, '100100767', '2015-06-02'),
(186, 1, 4, 1.75, '10010077', '2015-06-02'),
(187, 1, 4, 3.50, '100100773', '2015-06-02'),
(188, 1, 4, 1.75, '100100775', '2015-06-02'),
(189, 1, 4, 1.75, '100100780', '2015-06-02'),
(190, 1, 4, 5.00, '100100782', '2015-06-02'),
(191, 1, 4, 5.50, '100100786', '2015-06-02'),
(192, 1, 4, 3.75, '100100787', '2015-06-02'),
(193, 1, 4, 7.00, '100100788', '2015-06-02'),
(194, 1, 4, 3.50, '100100789', '2015-06-02'),
(195, 1, 4, 5.25, '100100790', '2015-06-02'),
(196, 1, 4, 5.50, '100100791', '2015-06-02'),
(197, 1, 4, 3.50, '100100792', '2015-06-02'),
(198, 1, 4, 1.00, '100100794', '2015-06-02'),
(199, 1, 4, 15.75, '100100800', '2015-06-02'),
(200, 1, 4, 12.00, '100100801', '2015-06-02'),
(201, 1, 4, 1.75, '100100803', '2015-06-02'),
(202, 1, 4, 3.50, '100100804', '2015-06-02'),
(203, 1, 4, 1.75, '100100807', '2015-06-02'),
(204, 1, 4, 4.00, '100100808', '2015-06-02'),
(205, 1, 4, 10.25, '10010081', '2015-06-02'),
(206, 1, 4, 7.00, '100100810', '2015-06-02'),
(207, 1, 4, 4.75, '100100812', '2015-06-02'),
(208, 1, 4, 2.00, '100100817', '2015-06-02'),
(209, 1, 4, 3.75, '100100818', '2015-06-02'),
(210, 1, 4, 10.50, '10010082', '2015-06-02'),
(211, 1, 4, 3.75, '100100820', '2015-06-02'),
(212, 1, 4, 3.50, '100100821', '2015-06-02'),
(213, 1, 4, 5.50, '100100822', '2015-06-02'),
(214, 1, 4, 1.75, '100100823', '2015-06-02'),
(215, 1, 4, 3.50, '100100827', '2015-06-02'),
(216, 1, 4, 1.75, '100100829', '2015-06-02'),
(217, 1, 4, 7.00, '10010083', '2015-06-02'),
(218, 1, 4, 4.50, '100100834', '2015-06-02'),
(219, 1, 4, 3.25, '100100835', '2015-06-02'),
(220, 1, 4, 1.50, '100100837', '2015-06-04'),
(221, 1, 4, 5.25, '100100839', '2015-06-04'),
(222, 1, 4, 7.00, '10010084', '2015-06-04'),
(223, 1, 4, 5.00, '100100840', '2015-06-04'),
(224, 1, 4, 3.00, '100100842', '2015-06-04'),
(225, 1, 4, 4.00, '100100844', '2015-06-04'),
(226, 1, 4, 5.50, '100100845', '2015-06-04'),
(227, 1, 4, 4.75, '100100847', '2015-06-04'),
(228, 1, 4, 1.75, '100100849', '2015-06-04'),
(229, 1, 4, 3.50, '100100850', '2015-06-04'),
(230, 1, 4, 1.75, '100100851', '2015-06-04'),
(231, 1, 4, 1.75, '100100852', '2015-06-04'),
(232, 1, 4, 5.25, '100100853', '2015-06-04'),
(233, 1, 4, 5.50, '100100854', '2015-06-04'),
(234, 1, 4, 1.75, '100100857', '2015-06-04'),
(235, 1, 4, 3.75, '100100859', '2015-06-04'),
(236, 1, 4, 5.25, '100100863', '2015-06-04'),
(237, 1, 4, 1.75, '100100864', '2015-06-04'),
(238, 1, 4, 5.50, '100100865', '2015-06-04'),
(239, 1, 4, 3.25, '100100868', '2015-06-04'),
(240, 1, 4, 7.00, '100100869', '2015-06-04'),
(241, 1, 4, 5.25, '100100870', '2015-06-04'),
(242, 1, 4, 5.25, '100100871', '2015-06-04'),
(243, 1, 4, 3.50, '100100872', '2015-06-04'),
(244, 1, 4, 7.00, '100100873', '2015-06-04'),
(245, 1, 4, 5.25, '100100874', '2015-06-04'),
(246, 1, 4, 1.75, '100100875', '2015-06-04'),
(247, 1, 4, 7.00, '100100876', '2015-06-04'),
(248, 1, 4, 6.75, '100100877', '2015-06-04'),
(249, 1, 4, 4.50, '100100878', '2015-06-04'),
(250, 1, 4, 9.00, '100100879', '2015-06-04'),
(251, 1, 4, 4.50, '100100880', '2015-06-04'),
(252, 1, 4, 9.00, '100100881', '2015-06-04'),
(253, 1, 4, 11.25, '100100882', '2015-06-04'),
(254, 1, 4, 5.25, '100100883', '2015-06-04'),
(255, 1, 4, 30.00, '100100884', '2015-06-04'),
(256, 1, 4, 26.00, '100100885', '2015-06-04'),
(257, 1, 4, 28.75, '100100886', '2015-06-04'),
(258, 1, 4, 21.50, '100100887', '2015-06-04'),
(259, 1, 4, 34.00, '100100888', '2015-06-04'),
(260, 1, 4, 6.25, '100100890', '2015-06-04'),
(261, 1, 4, 62.25, '100100891', '2015-06-04'),
(262, 1, 4, 13.50, '100100892', '2015-06-04'),
(263, 1, 4, 8.00, '100100893', '2015-06-04'),
(264, 1, 4, 10.25, '100100894', '2015-06-04'),
(265, 1, 4, 7.00, '100100895', '2015-06-04'),
(266, 1, 4, 6.75, '100100896', '2015-06-04'),
(267, 1, 4, 2.00, '100100903', '2015-06-04'),
(268, 1, 4, 6.50, '100100904', '2015-06-04'),
(269, 1, 4, 6.75, '100100905', '2015-06-04'),
(270, 1, 4, 12.50, '20010001', '2015-06-04'),
(271, 1, 4, 4.75, '20010001', '2015-06-04'),
(272, 1, 4, 15.50, '20010002', '2015-06-04'),
(273, 1, 4, 5.75, '20010003', '2015-06-04'),
(274, 1, 4, 6.50, '20010006', '2015-06-04'),
(275, 1, 4, 10.00, '20010009', '2015-06-04'),
(276, 1, 4, 4.25, '200100100', '2015-06-04'),
(277, 1, 4, 6.50, '200100105', '2015-06-04'),
(278, 1, 4, 6.50, '200100107', '2015-06-04'),
(279, 1, 4, 9.75, '200100109', '2015-06-04'),
(280, 1, 4, 8.75, '200100112', '2015-06-04'),
(281, 1, 4, 3.25, '200100114', '2015-06-04'),
(282, 1, 4, 6.25, '200100116', '2015-06-04'),
(283, 1, 4, 6.50, '200100117', '2015-06-04'),
(284, 1, 4, 6.25, '200100118', '2015-06-04'),
(285, 1, 4, 4.00, '200100121', '2015-06-04'),
(286, 1, 4, 3.25, '200100122', '2015-06-04'),
(287, 1, 4, 2.00, '200100126', '2015-06-04'),
(288, 1, 4, 2.50, '200100127', '2015-06-04'),
(289, 1, 4, 2.75, '200100129', '2015-06-04'),
(290, 1, 4, 3.25, '20010013', '2015-06-04'),
(291, 1, 4, 10.50, '200100132', '2015-06-04'),
(292, 1, 4, 12.50, '200100137', '2015-06-04'),
(293, 1, 4, 14.00, '200100139', '2015-06-04'),
(294, 1, 4, 9.00, '200100140', '2015-06-04'),
(295, 1, 4, 6.50, '200100141', '2015-06-04'),
(296, 1, 4, 6.50, '200100142', '2015-06-04'),
(297, 1, 4, 5.00, '200100145', '2015-06-04'),
(298, 1, 4, 7.50, '200100147', '2015-06-04'),
(299, 1, 4, 10.50, '200100148', '2015-06-04'),
(300, 1, 4, 8.50, '200100149', '2015-06-04'),
(301, 1, 4, 14.75, '20010015', '2015-06-04'),
(302, 1, 4, 12.00, '200100150', '2015-06-04'),
(303, 1, 4, 9.50, '200100151', '2015-06-04'),
(304, 1, 4, 8.00, '200100152', '2015-06-04'),
(305, 1, 4, 6.25, '200100153', '2015-06-04'),
(306, 1, 4, 10.00, '200100154', '2015-06-04'),
(307, 1, 4, 20.50, '200100155', '2015-06-04'),
(308, 1, 4, 11.25, '200100157', '2015-06-04'),
(309, 1, 4, 5.25, '200100158', '2015-06-04'),
(310, 1, 4, 7.75, '20010016', '2015-06-04'),
(311, 1, 4, 5.50, '200100161', '2015-06-04'),
(312, 1, 4, 8.00, '200100162', '2015-06-04'),
(313, 1, 4, 18.00, '200100163', '2015-06-04'),
(314, 1, 4, 6.00, '200100164', '2015-06-04'),
(315, 1, 4, 6.50, '200100165', '2015-06-04'),
(316, 1, 4, 16.50, '200100166', '2015-06-04'),
(317, 1, 4, 9.75, '200100167', '2015-06-04'),
(318, 1, 4, 5.00, '200100168', '2015-06-04'),
(319, 1, 4, 3.75, '200100169', '2015-06-04'),
(320, 1, 4, 7.00, '200100170', '2015-06-04'),
(321, 1, 4, 20.00, '200100171', '2015-06-04'),
(322, 1, 4, 9.75, '200100175', '2015-06-04'),
(323, 1, 4, 4.50, '200100176', '2015-06-04'),
(324, 1, 4, 9.50, '200100177', '2015-06-04'),
(325, 1, 4, 6.50, '20010018', '2015-06-04'),
(326, 1, 4, 2.75, '200100180', '2015-06-04'),
(327, 1, 4, 7.75, '200100181', '2015-06-04'),
(328, 1, 4, 11.25, '200100185', '2015-06-04'),
(329, 1, 4, 7.50, '200100186', '2015-06-04'),
(330, 1, 4, 1.25, '200100188', '2015-06-04'),
(331, 1, 4, 2.25, '200100194', '2015-06-04'),
(332, 1, 4, 6.25, '200100196', '2015-06-04'),
(333, 1, 4, 5.50, '200100200', '2015-06-04'),
(334, 1, 4, 5.25, '200100201', '2015-06-04'),
(335, 1, 4, 13.50, '200100202', '2015-06-04'),
(336, 1, 4, 5.25, '200100206', '2015-06-04'),
(337, 1, 4, 6.50, '200100207', '2015-06-04'),
(338, 1, 4, 6.50, '200100209', '2015-06-04'),
(339, 1, 4, 9.00, '200100217', '2015-06-04'),
(340, 1, 4, 10.75, '200100218', '2015-06-04'),
(341, 1, 4, 4.50, '200100219', '2015-06-04'),
(342, 1, 4, 6.75, '200100220', '2015-06-04'),
(343, 1, 4, 4.00, '200100228', '2015-06-04'),
(344, 1, 4, 2.75, '200100229', '2015-06-04'),
(345, 1, 4, 4.00, '200100230', '2015-06-04'),
(346, 1, 4, 7.00, '200100231', '2015-06-04'),
(347, 1, 4, 6.50, '200100232', '2015-06-04'),
(348, 1, 4, 1.25, '200100236', '2015-06-04'),
(349, 1, 4, 10.00, '200100236', '2015-06-04'),
(350, 1, 4, 6.25, '200100237', '2015-06-04'),
(351, 1, 4, 3.00, '200100238', '2015-06-04'),
(352, 1, 4, 1.25, '200100239', '2015-06-04'),
(353, 1, 4, 3.25, '20010024', '2015-06-04'),
(354, 1, 4, 13.25, '200100241', '2015-06-04'),
(355, 1, 4, 6.50, '200100242', '2015-06-04'),
(356, 1, 4, 8.25, '200100247', '2015-06-04'),
(357, 1, 4, 3.70, '200100253', '2015-06-04'),
(358, 1, 4, 4.95, '200100254', '2015-06-04'),
(359, 1, 4, 1.00, '200100258', '2015-06-04'),
(360, 1, 4, 6.50, '200100259', '2015-06-04'),
(361, 1, 4, 4.75, '200100263', '2015-06-04'),
(362, 1, 4, 4.50, '200100269', '2015-06-04'),
(363, 1, 4, 6.00, '200100274', '2015-06-04'),
(364, 1, 4, 6.50, '200100277', '2015-06-04'),
(365, 1, 4, 7.50, '200100278', '2015-06-04'),
(366, 1, 4, 8.50, '200100279', '2015-06-04'),
(367, 1, 4, 10.75, '200100280', '2015-06-04'),
(368, 1, 4, 7.00, '200100281', '2015-06-04'),
(369, 1, 4, 8.50, '200100287', '2015-06-04'),
(370, 1, 4, 5.25, '200100288', '2015-06-04'),
(371, 1, 4, 5.75, '200100289', '2015-06-04'),
(372, 1, 4, 1.25, '200100290', '2015-06-04'),
(373, 1, 4, 9.75, '200100293', '2015-06-04'),
(374, 1, 4, 9.50, '200100294', '2015-06-04'),
(375, 1, 4, 4.00, '200100297', '2015-06-04'),
(376, 1, 4, 7.25, '200100299', '2015-06-04'),
(377, 1, 4, 2.25, '20010030', '2015-06-04'),
(378, 1, 4, 6.25, '200100311', '2015-06-04'),
(379, 1, 4, 6.25, '200100313', '2015-06-04'),
(380, 1, 4, 1.25, '200100316', '2015-06-04'),
(381, 1, 4, 2.45, '200100317', '2015-06-04'),
(382, 1, 4, 7.50, '200100319', '2015-06-04'),
(383, 1, 4, 6.25, '200100320', '2015-06-04'),
(384, 1, 4, 6.25, '200100322', '2015-06-04'),
(385, 1, 4, 6.25, '200100323', '2015-06-04'),
(386, 1, 4, 6.50, '200100325', '2015-06-04'),
(387, 1, 4, 4.00, '200100326', '2015-06-04'),
(388, 1, 4, 7.50, '200100342', '2015-06-04'),
(389, 1, 4, 5.25, '200100343', '2015-06-04'),
(390, 1, 4, 6.50, '200100344', '2015-06-04'),
(391, 1, 4, 4.00, '200100345', '2015-06-04'),
(392, 1, 4, 2.75, '200100346', '2015-06-04'),
(393, 1, 4, 6.50, '200100347', '2015-06-04'),
(394, 1, 4, 3.45, '200100350', '2015-06-04'),
(395, 1, 4, 2.13, '20010036', '2015-06-04'),
(396, 1, 4, 4.75, '20010037', '2015-06-04'),
(397, 1, 4, 2.19, '200100377', '2015-06-04'),
(398, 1, 4, 2.19, '200100379', '2015-06-04'),
(399, 1, 4, 1.25, '200100380', '2015-06-04'),
(400, 1, 4, 9.75, '200100389', '2015-06-04'),
(401, 1, 4, 6.50, '200100390', '2015-06-04'),
(402, 1, 4, 6.50, '200100391', '2015-06-04'),
(403, 1, 4, 10.00, '200100397', '2015-06-04'),
(404, 1, 4, 10.00, '200100401', '2015-06-04'),
(405, 1, 4, 7.50, '200100402', '2015-06-04'),
(406, 1, 4, 17.25, '200100403', '2015-06-04'),
(407, 1, 4, 3.75, '200100421', '2015-06-04'),
(408, 1, 4, 2.50, '200100430', '2015-06-04'),
(409, 1, 4, 3.75, '200100431', '2015-06-04'),
(410, 1, 4, 4.75, '200100433', '2015-06-04'),
(411, 1, 4, 4.00, '200100435', '2015-06-04'),
(412, 1, 4, 3.75, '200100442', '2015-06-04'),
(413, 1, 4, 2.50, '200100448', '2015-06-04'),
(414, 1, 4, 5.00, '200100476', '2015-06-04'),
(415, 1, 4, 10.00, '200100481', '2015-06-04'),
(416, 1, 4, 10.75, '200100484', '2015-06-04'),
(417, 1, 4, 6.00, '200100485', '2015-06-04'),
(418, 1, 4, 5.00, '20010049', '2015-06-04'),
(419, 1, 4, 5.00, '20010050', '2015-06-04'),
(420, 1, 4, 2.25, '20010051', '2015-06-04'),
(421, 1, 4, 4.75, '20010055', '2015-06-04'),
(422, 1, 4, 6.50, '20010056', '2015-06-04'),
(423, 1, 4, 9.00, '20010059', '2015-06-04'),
(424, 1, 4, 6.50, '20010062', '2015-06-04'),
(425, 1, 4, 6.50, '20010069', '2015-06-04'),
(426, 1, 4, 5.00, '200100706', '2015-06-04'),
(427, 1, 4, 6.75, '20010075', '2015-06-04'),
(428, 1, 4, 4.50, '20010076', '2015-06-04'),
(429, 1, 4, 1.25, '20010097', '2015-06-04'),
(430, 1, 4, 1.25, '20010098', '2015-06-04'),
(431, 1, 4, 7.00, '100100873', '2015-06-07'),
(432, 1, 4, 1.75, '200100253', '2015-06-19'),
(433, 1, 4, 5.25, '100100907', '2015-06-19'),
(434, 1, 4, 5.25, '100100906', '2015-06-19'),
(435, 1, 4, 5.25, '100100918', '2015-06-19'),
(436, 1, 4, 5.25, '100100917', '2015-06-19'),
(437, 1, 4, 5.25, '100100908', '2015-06-19'),
(438, 1, 4, 5.25, '100100909', '2015-06-19'),
(439, 1, 4, 5.25, '100100913', '2015-06-19'),
(440, 1, 4, 5.25, '100100914', '2015-06-19'),
(441, 1, 4, 5.25, '100100912', '2015-06-19'),
(442, 1, 4, 5.25, '100100911', '2015-06-19'),
(443, 1, 4, 5.25, '100100910', '2015-06-19'),
(444, 1, 4, 5.25, '100100915', '2015-06-19'),
(445, 1, 4, 5.25, '100100916', '2015-06-19'),
(446, 1, 4, 3.50, '100100922', '2015-06-19'),
(447, 1, 4, 3.50, '100100920', '2015-06-19'),
(448, 1, 4, 3.50, '100100919', '2015-06-19'),
(449, 1, 4, 3.50, '100100921', '2015-06-19'),
(450, 1, 4, 1.25, '200100463', '2015-07-04');

-- --------------------------------------------------------

--
-- Table structure for table `ospos_fb_branchmember`
--

CREATE TABLE `ospos_fb_branchmember` (
  `id` int(11) NOT NULL,
  `full_name` varchar(100) NOT NULL,
  `address` tinytext NOT NULL,
  `contact` varchar(18) NOT NULL,
  `salary` int(11) NOT NULL,
  `branch_id` int(11) NOT NULL,
  `status` tinyint(4) NOT NULL DEFAULT '1',
  `comments` tinytext NOT NULL,
  `code` varchar(20) NOT NULL,
  `photo` tinytext NOT NULL
) ENGINE=InnoDB DEFAULT CHARSET=utf8;

--
-- Dumping data for table `ospos_fb_branchmember`
--

INSERT INTO `ospos_fb_branchmember` (`id`, `full_name`, `address`, `contact`, `salary`, `branch_id`, `status`, `comments`, `code`, `photo`) VALUES
(1, 'karim ahsan', ' address ', '0123456', 6000, 1, 1, ' va dtg', 'fb1432903652', '1432903652.jpg'),
(2, 'Sakib al hasan', 'Uttara', '017050506', 7000, 1, 1, ' Good Boy', 'fb1432964178', '1432964178.jpg');

-- --------------------------------------------------------

--
-- Table structure for table `ospos_fb_card`
--

CREATE TABLE `ospos_fb_card` (
  `id` int(11) NOT NULL,
  `card_number` varchar(20) NOT NULL,
  `type` enum('silver','gold','diamond') NOT NULL,
  `disq` int(11) NOT NULL,
  `creation` date NOT NULL,
  `expire` date NOT NULL,
  `status` tinyint(4) NOT NULL,
  `person_id` int(11) NOT NULL,
  `active_date` date NOT NULL,
  `deleted` tinyint(4) NOT NULL
) ENGINE=InnoDB DEFAULT CHARSET=utf8;

--
-- Dumping data for table `ospos_fb_card`
--

INSERT INTO `ospos_fb_card` (`id`, `card_number`, `type`, `disq`, `creation`, `expire`, `status`, `person_id`, `active_date`, `deleted`) VALUES
(1, 'knzcg1432965136', 'gold', 10, '2015-05-30', '2016-06-30', 1, 16, '2015-05-30', 0),
(2, 'knzcd1432990747', 'diamond', 15, '2015-05-30', '2016-05-21', 0, 0, '0000-00-00', 0),
(3, 'knzcg1436002933', 'gold', 10, '2015-07-04', '2016-11-30', 1, 27, '2015-07-04', 0),
(4, 'knzcs1436003372', 'silver', 5, '2015-07-04', '2016-09-30', 1, 29, '2015-07-04', 0),
(5, 'knzcd1436003593', 'diamond', 15, '2015-07-04', '2016-11-30', 1, 33, '2015-07-04', 0),
(6, 'knzcd1438271734', 'diamond', 15, '2015-07-30', '2015-12-31', 0, 0, '0000-00-00', 0);

-- --------------------------------------------------------

--
-- Table structure for table `ospos_fb_delivery`
--

CREATE TABLE `ospos_fb_delivery` (
  `id` int(11) NOT NULL,
  `invoice` varchar(80) NOT NULL,
  `delivery_date` date NOT NULL
) ENGINE=InnoDB DEFAULT CHARSET=utf8;

-- --------------------------------------------------------

--
-- Table structure for table `ospos_fb_expense`
--

CREATE TABLE `ospos_fb_expense` (
  `id` int(11) NOT NULL,
  `expense_type_id` int(11) NOT NULL,
  `branch_id` int(11) NOT NULL,
  `cost` float(8,2) NOT NULL,
  `expdate` date NOT NULL,
  `rem` varchar(100) NOT NULL
) ENGINE=InnoDB DEFAULT CHARSET=utf8;

--
-- Dumping data for table `ospos_fb_expense`
--

INSERT INTO `ospos_fb_expense` (`id`, `expense_type_id`, `branch_id`, `cost`, `expdate`, `rem`) VALUES
(1, 4, 2, 50.00, '2015-07-09', 'bella'),
(2, 4, 2, 50.00, '2015-06-10', 'bella'),
(3, 6, 4, 3300.00, '2015-08-01', ''),
(4, 6, 4, 26750.00, '2015-10-01', 'By Office 25000 + 04 Days Salary By Sahjahan master 1750'),
(5, 5, 4, 645.00, '2015-10-01', 'Tea + Sale Bonus + Commission'),
(6, 3, 4, 200.00, '2015-10-01', 'Daily Convence'),
(7, 5, 4, 550.00, '2015-10-02', 'Tea + Sale Bonus + commission'),
(8, 3, 4, 250.00, '2015-10-02', 'Daily convence '),
(9, 5, 4, 315.00, '2015-10-03', 'Tea + Sale Bonus + commission'),
(10, 3, 4, 250.00, '2015-10-03', 'Daily Convence'),
(11, 6, 4, 2000.00, '2015-10-03', 'Boss C/O Mossarraf'),
(12, 5, 4, 525.00, '2015-10-04', 'Tea + Sale Commission + Rent + others'),
(13, 3, 4, 200.00, '2015-10-04', 'Daily convence'),
(14, 6, 4, 500.00, '2015-10-04', 'Boss C/O Sohel Vai  ( bikash )'),
(15, 6, 4, 4500.00, '2015-10-04', 'Boss C/O Sohel Vai  ( bikash )'),
(16, 4, 4, 26365.00, '2015-10-05', 'Elec: Bill 6365 + Shop rent 20000'),
(17, 5, 4, 495.00, '2015-10-05', 'Tea + Sale commission + others'),
(18, 3, 4, 200.00, '2015-10-05', 'Daily Convence'),
(19, 6, 4, 1500.00, '2015-10-05', 'By Alauddin sikdar'),
(20, 5, 4, 360.00, '2015-10-06', 'Tea + Sale commission + Others'),
(21, 3, 4, 250.00, '2015-10-06', 'Daily Convence'),
(22, 8, 4, 15000.00, '2015-10-06', 'By Bank'),
(23, 6, 4, 1500.00, '2015-10-06', 'By Alauddin Sikdar'),
(24, 5, 4, 915.00, '2015-10-07', 'tea + Sale bonus + others'),
(25, 3, 4, 250.00, '2015-10-07', 'Daily Convence'),
(26, 6, 4, 1500.00, '2015-10-07', 'By Alauddin Sikdar'),
(27, 5, 4, 595.00, '2015-10-08', 'Tea + Sale Bonus + others'),
(28, 3, 4, 250.00, '2015-10-08', 'Daily Convence'),
(29, 9, 4, 12000.00, '2015-10-08', 'Salary'),
(30, 6, 4, 1100.00, '2015-10-08', 'By Alauddin Sikdar'),
(31, 5, 4, 481.00, '2015-10-09', 'Tea + Sale Bonus + Others'),
(32, 3, 4, 200.00, '2015-10-09', 'Daily Convence'),
(33, 6, 4, 5600.00, '2015-10-09', 'Boss C/O Salauddin Vai'),
(34, 5, 4, 850.00, '2015-10-10', 'Tea + Sale Bonus + Others'),
(35, 3, 4, 250.00, '2015-10-10', 'Daily convence'),
(36, 9, 4, 6949.00, '2015-10-10', 'Salary Adv.'),
(37, 6, 4, 500.00, '2015-10-10', 'Alauddin Sikdar'),
(38, 5, 4, 285.00, '2015-10-11', 'Tea + Sale Bonus + Others'),
(39, 3, 4, 250.00, '2015-10-11', 'Daily Convence'),
(40, 8, 4, 12000.00, '2015-10-11', 'Bank Cash'),
(41, 6, 4, 3100.00, '2015-10-11', 'Alauddin Sikdar 2100 , Sahjahan master 1000'),
(42, 5, 4, 685.00, '2015-10-12', 'Tea + Sale Bonus + Others'),
(43, 3, 4, 200.00, '2015-10-12', 'Daily Convence'),
(44, 6, 4, 23260.00, '2015-10-12', 'party Payment 20,000 + Office (Bikas) 3060 + Ala. Sik  200'),
(45, 5, 4, 412.00, '2015-10-13', 'Tea + Sale Bonus + Others'),
(46, 3, 4, 250.00, '2015-10-13', 'Daily Convence'),
(47, 6, 4, 8600.00, '2015-10-13', 'Office (Bikas) 5100 + Ala. Sik 500 + Sah. Master 3000');

-- --------------------------------------------------------

--
-- Table structure for table `ospos_fb_expense_type`
--

CREATE TABLE `ospos_fb_expense_type` (
  `id` int(11) NOT NULL,
  `name` varchar(50) NOT NULL
) ENGINE=InnoDB DEFAULT CHARSET=utf8;

--
-- Dumping data for table `ospos_fb_expense_type`
--

INSERT INTO `ospos_fb_expense_type` (`id`, `name`) VALUES
(1, 'coffe'),
(2, 'Tea'),
(3, 'convence'),
(4, 'Rent Exp:'),
(5, 'Teefin'),
(6, 'Payment'),
(7, 'Boss Personal'),
(8, 'Bank Deposit'),
(9, 'Salary Advance');

-- --------------------------------------------------------

--
-- Table structure for table `ospos_fb_member_attendance`
--

CREATE TABLE `ospos_fb_member_attendance` (
  `id` int(11) NOT NULL,
  `member_id` int(11) NOT NULL,
  `branch_id` int(11) NOT NULL,
  `day_in` timestamp NOT NULL DEFAULT CURRENT_TIMESTAMP,
  `day_out` timestamp NOT NULL DEFAULT '0000-00-00 00:00:00',
  `day` date NOT NULL
) ENGINE=InnoDB DEFAULT CHARSET=utf8;

-- --------------------------------------------------------

--
-- Table structure for table `ospos_fb_order`
--

CREATE TABLE `ospos_fb_order` (
  `id` int(11) NOT NULL,
  `branch_id` int(11) NOT NULL,
  `customer_id` int(11) NOT NULL,
  `payment` float(8,2) NOT NULL,
  `due` int(11) NOT NULL,
  `order_date` date NOT NULL,
  `del_date` date NOT NULL,
  `status` tinyint(4) NOT NULL,
  `invoice` varchar(30) NOT NULL,
  `tot_item` int(11) NOT NULL,
  `re_item` int(11) NOT NULL,
  `tot_fabrics` float(8,2) NOT NULL,
  `tot_tailor_cost` float(8,2) NOT NULL,
  `tot_order` float(8,2) NOT NULL,
  `disq` int(11) NOT NULL,
  `tot_to_pay` float(8,2) NOT NULL,
  `receipt` varchar(40) NOT NULL
) ENGINE=InnoDB DEFAULT CHARSET=utf8;

-- --------------------------------------------------------

--
-- Table structure for table `ospos_fb_payment`
--

CREATE TABLE `ospos_fb_payment` (
  `id` int(11) NOT NULL,
  `invoice` varchar(50) NOT NULL,
  `payment` float(8,2) NOT NULL,
  `item_del` int(11) NOT NULL,
  `paydate` date NOT NULL,
  `customer_id` int(11) NOT NULL,
  `branch_id` int(11) NOT NULL
) ENGINE=InnoDB DEFAULT CHARSET=utf8;

-- --------------------------------------------------------

--
-- Table structure for table `ospos_fb_sell`
--

CREATE TABLE `ospos_fb_sell` (
  `id` int(11) NOT NULL,
  `fabrics_id` int(11) NOT NULL,
  `fabrics_model` varchar(30) NOT NULL,
  `branch_id` int(11) NOT NULL,
  `customer_id` int(11) NOT NULL,
  `invoice` varchar(30) NOT NULL,
  `price` int(11) NOT NULL,
  `qty` int(11) NOT NULL,
  `subtotal` int(11) NOT NULL
) ENGINE=InnoDB DEFAULT CHARSET=utf8;

-- --------------------------------------------------------

--
-- Table structure for table `ospos_fb_sell_tailor_cost`
--

CREATE TABLE `ospos_fb_sell_tailor_cost` (
  `id` int(11) NOT NULL,
  `invoice` varchar(50) NOT NULL,
  `tailor_cost_id` int(11) NOT NULL
) ENGINE=InnoDB DEFAULT CHARSET=utf8;

-- --------------------------------------------------------

--
-- Table structure for table `ospos_fb_tailor_cost`
--

CREATE TABLE `ospos_fb_tailor_cost` (
  `id` int(11) NOT NULL,
  `name` varchar(30) NOT NULL,
  `cost` int(11) NOT NULL,
  `buy` int(11) NOT NULL
) ENGINE=InnoDB DEFAULT CHARSET=utf8;

--
-- Dumping data for table `ospos_fb_tailor_cost`
--

INSERT INTO `ospos_fb_tailor_cost` (`id`, `name`, `cost`, `buy`) VALUES
(3, 'Pant Normal', 380, 0),
(4, 'Shirt Normal', 300, 0),
(5, 'Panjabi Normal', 400, 0),
(6, 'Blazer Single', 3000, 0),
(7, 'Shute', 3500, 0);

-- --------------------------------------------------------

--
-- Table structure for table `ospos_fb_temp_tcost`
--

CREATE TABLE `ospos_fb_temp_tcost` (
  `id` int(11) NOT NULL,
  `cost_id` int(11) NOT NULL
) ENGINE=InnoDB DEFAULT CHARSET=utf8;

--
-- Dumping data for table `ospos_fb_temp_tcost`
--

INSERT INTO `ospos_fb_temp_tcost` (`id`, `cost_id`) VALUES
(1, 3);

-- --------------------------------------------------------

--
-- Table structure for table `ospos_modules`
--

CREATE TABLE `ospos_modules` (
  `name_lang_key` varchar(255) NOT NULL,
  `desc_lang_key` varchar(255) NOT NULL,
  `sort` int(10) NOT NULL,
  `module_id` varchar(255) NOT NULL
) ENGINE=InnoDB DEFAULT CHARSET=latin1;

--
-- Dumping data for table `ospos_modules`
--

INSERT INTO `ospos_modules` (`name_lang_key`, `desc_lang_key`, `sort`, `module_id`) VALUES
('module_branch', 'module_branch_desc', 110, 'branch'),
('module_config', 'module_config_desc', 100, 'config'),
('module_customers', 'module_customers_desc', 10, 'customers'),
('module_employees', 'module_employees_desc', 80, 'employees'),
('module_giftcards', 'module_giftcards_desc', 90, 'giftcards'),
('module_items', 'module_items_desc', 20, 'items'),
('module_receivings', 'module_receivings_desc', 60, 'receivings'),
('module_reports', 'module_reports_desc', 50, 'reports'),
('module_sales', 'module_sales_desc', 70, 'sales'),
('module_suppliers', 'module_suppliers_desc', 40, 'suppliers');

-- --------------------------------------------------------

--
-- Table structure for table `ospos_people`
--

CREATE TABLE `ospos_people` (
  `first_name` varchar(255) NOT NULL,
  `last_name` varchar(255) NOT NULL,
  `phone_number` varchar(255) NOT NULL,
  `email` varchar(255) NOT NULL,
  `address_1` varchar(255) NOT NULL,
  `address_2` varchar(255) NOT NULL,
  `city` varchar(255) NOT NULL,
  `state` varchar(255) NOT NULL,
  `zip` varchar(255) NOT NULL,
  `country` varchar(255) NOT NULL,
  `comments` text NOT NULL,
  `person_id` int(10) NOT NULL,
  `branch_id` int(11) NOT NULL
) ENGINE=InnoDB DEFAULT CHARSET=latin1;

--
-- Dumping data for table `ospos_people`
--

INSERT INTO `ospos_people` (`first_name`, `last_name`, `phone_number`, `email`, `address_1`, `address_2`, `city`, `state`, `zip`, `country`, `comments`, `person_id`, `branch_id`) VALUES
('Md', 'Masud', '000000000000', 'info@knzfashion.com', 'Uttara,Dhaka', 'Uttara,Dhaka', 'Dhaka', 'Dhaka', '1000', 'Banglaesh', 'I m Amin', 14, 0),
('salesman', 'salesman', '', '', '', '', '', '', '', '', '', 15, 2),
('md', 'masud', '017017017017', 'mdmasud01@outlook.com', 'mirpur, dhaka ', '', 'dhaka', 'dhaka', '1216', 'Bangladesh', '32,42', 16, 0),
('karim', 'hassan', '015555', '', ' ', '', 'dhaka', '', '', 'Bangladesh', ' ', 17, 0),
('karim', 'hassan', '0155557585855', '', ' ', '', 'dhaka', '', '', 'Bangladesh', ' ', 18, 0),
('md ', 'khan', '012536252', '', ' ', '', 'dhaka', '', '', 'Bangladesh', ' ', 19, 0),
('surname', 'coname', '0125696363', 'info@kamal.com', ' ', '', 'dhaka', '', '', 'Bangladesh', ' ', 20, 0),
('surname', 'coname', '014566', 'info@kamal.com', ' ', '', 'dhaka', '', '', 'Bangladesh', ' ', 21, 0),
('Sreenagar', 'Branch', '', '', '', '', '', '', '', '', '', 22, 4),
('Babu', 'Babu', '01723946663', '', ' ', '', 'Dhaka', '', '', 'Bangladesh', ' hjkllll               dghgh', 24, 0),
('x', 'y', '01', '', '', '', '', '', '', '', 'hg', 25, 0),
('sharif', 'islam ', '01552363816', '', '', '', '', '', '', '', 'no', 26, 0),
('palan', 'hassan', '01723946669', '', '', '', '', '', '', '', 'kdkfldfff', 27, 0),
('hakmi', 'kis', '01552', '', '', '', '', '', '', '', 'hh', 28, 0),
('Al amin', 'sree', '01522', '', '', '', '', '', '', '', 'kgfk', 29, 0),
('a', 'b', '015', '', '', '', '', '', '', '', 'kjhg', 30, 0),
('bs', 'by', '0156', '', '', '', '', '', '', '', 'jfkjw', 31, 0),
('bs', 'js', '016', '', '', '', '', '', '', '', 'kf', 32, 0),
('MD', 'Sharif', '01818266947', 'mdsharif11@yahoo,.com', 'KNZ FASHION ', '', 'Dhaka', 'Dhaka', '1000', 'Bangladesh', ' ', 33, 0),
('Milon', 'Hossain', '', 'milon@knzfashion.com', 'Mascot Plaza', '', 'Dhaka', '', '', '', '', 34, 2);

-- --------------------------------------------------------

--
-- Table structure for table `ospos_sessions`
--

CREATE TABLE `ospos_sessions` (
  `id` varchar(40) NOT NULL DEFAULT '0',
  `ip_address` varchar(16) NOT NULL DEFAULT '0',
  `user_agent` varchar(120) NOT NULL,
  `last_activity` int(10) UNSIGNED NOT NULL DEFAULT '0',
  `data` text,
  `timestamp` timestamp NOT NULL DEFAULT CURRENT_TIMESTAMP
) ENGINE=InnoDB DEFAULT CHARSET=latin1;

--
-- Dumping data for table `ospos_sessions`
--

INSERT INTO `ospos_sessions` (`id`, `ip_address`, `user_agent`, `last_activity`, `data`, `timestamp`) VALUES
('dkj07qls1t4cvi4ljpi0ucr4tu7coib4', '::1', '', 0, '__ci_last_regenerate|i:1568273495;', '0000-00-00 00:00:00'),
('ilu8rsc0itls1k041k4nmerbcq5pj69n', '::1', '', 0, '__ci_last_regenerate|i:1568273492;person_id|s:2:\"34\";branch_id|s:1:\"2\";', '0000-00-00 00:00:00');

-- --------------------------------------------------------

--
-- Table structure for table `ospos_suppliers`
--

CREATE TABLE `ospos_suppliers` (
  `person_id` int(10) NOT NULL,
  `company_name` varchar(255) NOT NULL,
  `account_number` varchar(255) DEFAULT NULL,
  `deleted` int(1) NOT NULL DEFAULT '0'
) ENGINE=InnoDB DEFAULT CHARSET=latin1;

--
-- Indexes for dumped tables
--

--
-- Indexes for table `ospos_app_config`
--
ALTER TABLE `ospos_app_config`
  ADD PRIMARY KEY (`key`);

--
-- Indexes for table `ospos_branch`
--
ALTER TABLE `ospos_branch`
  ADD PRIMARY KEY (`branch_id`);

--
-- Indexes for table `ospos_customers`
--
ALTER TABLE `ospos_customers`
  ADD KEY `person_id` (`person_id`);

--
-- Indexes for table `ospos_employees`
--
ALTER TABLE `ospos_employees`
  ADD UNIQUE KEY `username` (`username`),
  ADD KEY `person_id` (`person_id`);

--
-- Indexes for table `ospos_fabrics`
--
ALTER TABLE `ospos_fabrics`
  ADD PRIMARY KEY (`fabrics_id`);

--
-- Indexes for table `ospos_fabrics_transfer`
--
ALTER TABLE `ospos_fabrics_transfer`
  ADD PRIMARY KEY (`trans_id`);

--
-- Indexes for table `ospos_fb_branchmember`
--
ALTER TABLE `ospos_fb_branchmember`
  ADD PRIMARY KEY (`id`);

--
-- Indexes for table `ospos_fb_card`
--
ALTER TABLE `ospos_fb_card`
  ADD PRIMARY KEY (`id`);

--
-- Indexes for table `ospos_fb_delivery`
--
ALTER TABLE `ospos_fb_delivery`
  ADD PRIMARY KEY (`id`);

--
-- Indexes for table `ospos_fb_expense`
--
ALTER TABLE `ospos_fb_expense`
  ADD PRIMARY KEY (`id`);

--
-- Indexes for table `ospos_fb_expense_type`
--
ALTER TABLE `ospos_fb_expense_type`
  ADD PRIMARY KEY (`id`);

--
-- Indexes for table `ospos_fb_member_attendance`
--
ALTER TABLE `ospos_fb_member_attendance`
  ADD PRIMARY KEY (`id`);

--
-- Indexes for table `ospos_fb_order`
--
ALTER TABLE `ospos_fb_order`
  ADD PRIMARY KEY (`id`);

--
-- Indexes for table `ospos_fb_payment`
--
ALTER TABLE `ospos_fb_payment`
  ADD PRIMARY KEY (`id`);

--
-- Indexes for table `ospos_fb_sell`
--
ALTER TABLE `ospos_fb_sell`
  ADD PRIMARY KEY (`id`);

--
-- Indexes for table `ospos_fb_sell_tailor_cost`
--
ALTER TABLE `ospos_fb_sell_tailor_cost`
  ADD PRIMARY KEY (`id`);

--
-- Indexes for table `ospos_fb_tailor_cost`
--
ALTER TABLE `ospos_fb_tailor_cost`
  ADD PRIMARY KEY (`id`);

--
-- Indexes for table `ospos_fb_temp_tcost`
--
ALTER TABLE `ospos_fb_temp_tcost`
  ADD PRIMARY KEY (`id`);

--
-- Indexes for table `ospos_modules`
--
ALTER TABLE `ospos_modules`
  ADD PRIMARY KEY (`module_id`),
  ADD UNIQUE KEY `desc_lang_key` (`desc_lang_key`),
  ADD UNIQUE KEY `name_lang_key` (`name_lang_key`);

--
-- Indexes for table `ospos_people`
--
ALTER TABLE `ospos_people`
  ADD PRIMARY KEY (`person_id`);

--
-- Indexes for table `ospos_sessions`
--
ALTER TABLE `ospos_sessions`
  ADD PRIMARY KEY (`id`);

--
-- Indexes for table `ospos_suppliers`
--
ALTER TABLE `ospos_suppliers`
  ADD UNIQUE KEY `account_number` (`account_number`),
  ADD KEY `person_id` (`person_id`);

--
-- AUTO_INCREMENT for dumped tables
--

--
-- AUTO_INCREMENT for table `ospos_branch`
--
ALTER TABLE `ospos_branch`
  MODIFY `branch_id` int(11) NOT NULL AUTO_INCREMENT, AUTO_INCREMENT=6;

--
-- AUTO_INCREMENT for table `ospos_fabrics`
--
ALTER TABLE `ospos_fabrics`
  MODIFY `fabrics_id` int(11) NOT NULL AUTO_INCREMENT, AUTO_INCREMENT=1308;

--
-- AUTO_INCREMENT for table `ospos_fabrics_transfer`
--
ALTER TABLE `ospos_fabrics_transfer`
  MODIFY `trans_id` int(11) NOT NULL AUTO_INCREMENT, AUTO_INCREMENT=451;

--
-- AUTO_INCREMENT for table `ospos_fb_branchmember`
--
ALTER TABLE `ospos_fb_branchmember`
  MODIFY `id` int(11) NOT NULL AUTO_INCREMENT, AUTO_INCREMENT=3;

--
-- AUTO_INCREMENT for table `ospos_fb_card`
--
ALTER TABLE `ospos_fb_card`
  MODIFY `id` int(11) NOT NULL AUTO_INCREMENT, AUTO_INCREMENT=7;

--
-- AUTO_INCREMENT for table `ospos_fb_delivery`
--
ALTER TABLE `ospos_fb_delivery`
  MODIFY `id` int(11) NOT NULL AUTO_INCREMENT;

--
-- AUTO_INCREMENT for table `ospos_fb_expense`
--
ALTER TABLE `ospos_fb_expense`
  MODIFY `id` int(11) NOT NULL AUTO_INCREMENT, AUTO_INCREMENT=48;

--
-- AUTO_INCREMENT for table `ospos_fb_expense_type`
--
ALTER TABLE `ospos_fb_expense_type`
  MODIFY `id` int(11) NOT NULL AUTO_INCREMENT, AUTO_INCREMENT=10;

--
-- AUTO_INCREMENT for table `ospos_fb_member_attendance`
--
ALTER TABLE `ospos_fb_member_attendance`
  MODIFY `id` int(11) NOT NULL AUTO_INCREMENT;

--
-- AUTO_INCREMENT for table `ospos_fb_order`
--
ALTER TABLE `ospos_fb_order`
  MODIFY `id` int(11) NOT NULL AUTO_INCREMENT;

--
-- AUTO_INCREMENT for table `ospos_fb_payment`
--
ALTER TABLE `ospos_fb_payment`
  MODIFY `id` int(11) NOT NULL AUTO_INCREMENT;

--
-- AUTO_INCREMENT for table `ospos_fb_sell`
--
ALTER TABLE `ospos_fb_sell`
  MODIFY `id` int(11) NOT NULL AUTO_INCREMENT;

--
-- AUTO_INCREMENT for table `ospos_fb_sell_tailor_cost`
--
ALTER TABLE `ospos_fb_sell_tailor_cost`
  MODIFY `id` int(11) NOT NULL AUTO_INCREMENT;

--
-- AUTO_INCREMENT for table `ospos_fb_tailor_cost`
--
ALTER TABLE `ospos_fb_tailor_cost`
  MODIFY `id` int(11) NOT NULL AUTO_INCREMENT, AUTO_INCREMENT=8;

--
-- AUTO_INCREMENT for table `ospos_fb_temp_tcost`
--
ALTER TABLE `ospos_fb_temp_tcost`
  MODIFY `id` int(11) NOT NULL AUTO_INCREMENT, AUTO_INCREMENT=2;

--
-- AUTO_INCREMENT for table `ospos_people`
--
ALTER TABLE `ospos_people`
  MODIFY `person_id` int(10) NOT NULL AUTO_INCREMENT, AUTO_INCREMENT=35;

--
-- Constraints for dumped tables
--

--
-- Constraints for table `ospos_suppliers`
--
ALTER TABLE `ospos_suppliers`
  ADD CONSTRAINT `ospos_suppliers_ibfk_1` FOREIGN KEY (`person_id`) REFERENCES `ospos_people` (`person_id`);
COMMIT;

/*!40101 SET CHARACTER_SET_CLIENT=@OLD_CHARACTER_SET_CLIENT */;
/*!40101 SET CHARACTER_SET_RESULTS=@OLD_CHARACTER_SET_RESULTS */;
/*!40101 SET COLLATION_CONNECTION=@OLD_COLLATION_CONNECTION */;
